FIPS_alt,formatted_add,loc_type,add_type,status
Census Tract 101,"1728-1798 The Embarcadero, San Francisco, CA 94133, USA",RANGE_INTERPOLATED,street_address,OK
Census Tract 1011,"1547 Saddle Wood Dr, Novato, CA 94945, USA",RANGE_INTERPOLATED,street_address,OK
Census Tract 1012,"347-355 Olive Ave, Novato, CA 94945, USA",RANGE_INTERPOLATED,street_address,OK
Census Tract 102,"900 North Point St, San Francisco, CA 94109, USA",ROOFTOP,premise,OK
Census Tract 1021,"San Marin Fire Rd, Novato, CA 94945, USA",GEOMETRIC_CENTER,route,OK
Census Tract 1022.02,"2059 Feliz Rd, Novato, CA 94945, USA",ROOFTOP,street_address,OK
Census Tract 1022.03,"1113-1117 1st St, Novato, CA 94945, USA",RANGE_INTERPOLATED,street_address,OK
Census Tract 103,"978 Greenwich St, San Francisco, CA 94133, USA",ROOFTOP,street_address,OK
Census Tract 1031,"3653-3735 Novato Blvd, Novato, CA 94947, USA",RANGE_INTERPOLATED,street_address,OK
Census Tract 1032,"509 Canyon Rd, Novato, CA 94947, USA",ROOFTOP,street_address,OK
Census Tract 104,"479 Greenwich St, San Francisco, CA 94133, USA",ROOFTOP,premise,OK
Census Tract 1041.01,"660-670 Midway Blvd, Novato, CA 94947, USA",RANGE_INTERPOLATED,street_address,OK
Census Tract 1041.02,"256 Sunset Pkwy, Novato, CA 94947, USA",ROOFTOP,street_address,OK
Census Tract 1042,"4-8 Wentworth Ln, Novato, CA 94949, USA",RANGE_INTERPOLATED,street_address,OK
Census Tract 1043,"Unnamed Road, Novato, CA 94949, USA",GEOMETRIC_CENTER,route,OK
Census Tract 105,"7 Pier 9, San Francisco, CA 94111, USA",ROOFTOP,street_address,OK
Census Tract 1050,"370-490 Hangar Ave, Novato, CA 94949, USA",RANGE_INTERPOLATED,street_address,OK
Census Tract 106,"20 San Antonio Pl, San Francisco, CA 94133, USA",ROOFTOP,premise,OK
Census Tract 1060.01,"Unnamed Road, San Rafael, CA 94903, USA",GEOMETRIC_CENTER,route,OK
Census Tract 1060.02,"Bay View Trail, San Rafael, CA 94901, USA",GEOMETRIC_CENTER,route,OK
Census Tract 107,"766 Vallejo St, San Francisco, CA 94133, USA",ROOFTOP,premise,OK
Census Tract 1070,"69 Bridgegate Dr, San Rafael, CA 94903, USA",RANGE_INTERPOLATED,street_address,OK
Census Tract 108,"52B Bernard St, San Francisco, CA 94133, USA",ROOFTOP,street_address,OK
Census Tract 1081,"735-745 Knocknaboul Way, San Rafael, CA 94903, USA",RANGE_INTERPOLATED,street_address,OK
Census Tract 1082,"408-410 Nova Albion Way, San Rafael, CA 94903, USA",RANGE_INTERPOLATED,street_address,OK
Census Tract 109,"1301-1325 Green St, San Francisco, CA 94109, USA",RANGE_INTERPOLATED,street_address,OK
Census Tract 1090.01,"15 Live Oak Way, San Rafael, CA 94901, USA",ROOFTOP,street_address,OK
Census Tract 1090.02,"6 Nevada St, San Rafael, CA 94901, USA",ROOFTOP,premise,OK
Census Tract 110,"1801 Larkin St, San Francisco, CA 94109, USA",RANGE_INTERPOLATED,street_address,OK
Census Tract 1101,"311 Locust Ave, San Rafael, CA 94901, USA",ROOFTOP,street_address,OK
Census Tract 1102,"13 Peacock Ln, San Rafael, CA 94901, USA",ROOFTOP,premise,OK
Census Tract 111,"1482 California St, San Francisco, CA 94109, USA",ROOFTOP,street_address,OK
Census Tract 1110,"47 Clayton St, San Rafael, CA 94901, USA",ROOFTOP,street_address,OK
Census Tract 112,"1134 Taylor St, San Francisco, CA 94108, USA",ROOFTOP,street_address,OK
Census Tract 1121,"1-99 Lynn Ct, San Rafael, CA 94901, USA",RANGE_INTERPOLATED,street_address,OK
Census Tract 1122.01,"260 Canal St, San Rafael, CA 94901, USA",RANGE_INTERPOLATED,street_address,OK
Census Tract 1122.02,"San Francisco Bay Trail, San Rafael, CA 94901, USA",GEOMETRIC_CENTER,route,OK
Census Tract 113,"981 Washington St, San Francisco, CA 94108, USA",ROOFTOP,premise,OK
Census Tract 1130,"550-562 San Geronimo Valley Dr, San Geronimo, CA 94963, USA",RANGE_INTERPOLATED,street_address,OK
Census Tract 1141,"99 Wood Ln, Fairfax, CA 94930, USA",ROOFTOP,street_address,OK
Census Tract 1142,"2480 Sir Francis Drake Blvd, Fairfax, CA 94930, USA",ROOFTOP,street_address,OK
Census Tract 1150,"145-199 Stuyvesant Dr, San Anselmo, CA 94960, USA",RANGE_INTERPOLATED,street_address,OK
Census Tract 1160,"70a Elm Ave, San Anselmo, CA 94960, USA",ROOFTOP,street_address,OK
Census Tract 117,"88 Hardie Pl, San Francisco, CA 94108, USA",ROOFTOP,street_address,OK
Census Tract 1170,"37 Magnolia Ave, San Anselmo, CA 94960, USA",ROOFTOP,premise,OK
Census Tract 118,"667 Grant Ave, San Francisco, CA 94108, USA",ROOFTOP,street_address,OK
Census Tract 1181,"9 Ames Ave, Ross, CA 94957, USA",ROOFTOP,street_address,OK
Census Tract 119.01,"1099 Pine St, San Francisco, CA 94109, USA",RANGE_INTERPOLATED,street_address,OK
Census Tract 119.02,"845-855 Pine St, San Francisco, CA 94108, USA",RANGE_INTERPOLATED,street_address,OK
Census Tract 1191,"70 Rancheria Rd, Kentfield, CA 94904, USA",ROOFTOP,premise,OK
Census Tract 1192.01,"3 Vía Belardo, Greenbrae, CA 94904, USA",ROOFTOP,street_address,OK
Census Tract 1192.02,"29 Paseo Way, Greenbrae, CA 94904, USA",ROOFTOP,street_address,OK
Census Tract 120,"1101 Sutter St, San Francisco, CA 94109, USA",RANGE_INTERPOLATED,street_address,OK
Census Tract 1200,"134 Hawthorne Ave, Larkspur, CA 94939, USA",ROOFTOP,street_address,OK
Census Tract 121,"699 Sutter St, San Francisco, CA 94102, USA",RANGE_INTERPOLATED,street_address,OK
Census Tract 1211,"530 Oakdale Ave, Corte Madera, CA 94925, USA",ROOFTOP,street_address,OK
Census Tract 1212,"235-239 Golden Hind Psge, Corte Madera, CA 94925, USA",RANGE_INTERPOLATED,street_address,OK
Census Tract 122.01,"522-534 Hyde St, San Francisco, CA 94109, USA",RANGE_INTERPOLATED,street_address,OK
Census Tract 122.02,"900-948 Polk St, San Francisco, CA 94109, USA",RANGE_INTERPOLATED,street_address,OK
Census Tract 1220,"66 Valley Way, San Quentin, CA 94964, USA",ROOFTOP,street_address,OK
Census Tract 123.01,"333 O'Farrell St, San Francisco, CA 94102, USA",ROOFTOP,premise,OK
Census Tract 123.02,"524 Geary St, San Francisco, CA 94102, USA",ROOFTOP,street_address,OK
Census Tract 1230,"91 W Shore Rd, Tiburon, CA 94920, USA",ROOFTOP,street_address,OK
Census Tract 124.01,"228 Hyde St, San Francisco, CA 94102, USA",ROOFTOP,street_address,OK
Census Tract 124.02,"355-357 McAllister St, San Francisco, CA 94102, USA",RANGE_INTERPOLATED,street_address,OK
Census Tract 1241,"99 Indian Rock Ct, Tiburon, CA 94920, USA",RANGE_INTERPOLATED,street_address,OK
Census Tract 1242,"440 Ridge Rd, Tiburon, CA 94920, USA",ROOFTOP,street_address,OK
Census Tract 125.01,"55 Taylor St, San Francisco, CA 94102, USA",ROOFTOP,premise,OK
Census Tract 125.02,"295-301 Eddy St, San Francisco, CA 94102, USA",RANGE_INTERPOLATED,street_address,OK
Census Tract 1250,"Shuck Dr, Mill Valley, CA 94941, USA",GEOMETRIC_CENTER,route,OK
Census Tract 126.01,"140 Alhambra St, San Francisco, CA 94123, USA",ROOFTOP,street_address,OK
Census Tract 126.02,"10 San Francisco Bay Trail, San Francisco, CA 94123, USA",ROOFTOP,street_address,OK
Census Tract 1261,"Blithedale Ridge Fire Rd, Mill Valley, CA 94941, USA",GEOMETRIC_CENTER,route,OK
Census Tract 1262,"118-124 Kipling Dr, Mill Valley, CA 94941, USA",RANGE_INTERPOLATED,street_address,OK
Census Tract 127,"1980 Jefferson St, San Francisco, CA 94123, USA",ROOFTOP,premise,OK
Census Tract 1270,"333 Lovell Ave, Mill Valley, CA 94941, USA",ROOFTOP,premise,OK
Census Tract 128,"2555 Greenwich St, San Francisco, CA 94123, USA",ROOFTOP,street_address,OK
Census Tract 1281,"334 Durant Way, Mill Valley, CA 94941, USA",ROOFTOP,street_address,OK
Census Tract 1282,"334-356 Ferndale Ave, Mill Valley, CA 94941, USA",RANGE_INTERPOLATED,street_address,OK
Census Tract 129.01,"1447-1457 Chestnut St, San Francisco, CA 94123, USA",RANGE_INTERPOLATED,street_address,OK
Census Tract 129.02,"1848 Lombard St, San Francisco, CA 94123, USA",ROOFTOP,premise,OK
Census Tract 1290,"429 Drake Ave, Sausalito, CA 94965, USA",ROOFTOP,street_address,OK
Census Tract 130,"2821 Laguna St, San Francisco, CA 94123, USA",ROOFTOP,street_address,OK
Census Tract 1302.01,"174 Crescent Ave, Sausalito, CA 94965, USA",ROOFTOP,premise,OK
Census Tract 1302.02,"8 Liberty Ship Way, Sausalito, CA 94965, USA",ROOFTOP,street_address,OK
Census Tract 131.01,"2101-2111 Franklin St, San Francisco, CA 94109, USA",RANGE_INTERPOLATED,street_address,OK
Census Tract 131.02,"2080 Washington St, San Francisco, CA 94109, USA",ROOFTOP,street_address,OK
Census Tract 1311,"Rock Spring Trail, Mill Valley, CA 94941, USA",GEOMETRIC_CENTER,route,OK
Census Tract 132,"2507 Broadway, San Francisco, CA 94115, USA",ROOFTOP,street_address,OK
Census Tract 1321,"4691-4775 CA-1, Bolinas, CA 94924, USA",RANGE_INTERPOLATED,street_address,OK
Census Tract 1322,"Bayview Trail, Inverness, CA 94937, USA",GEOMETRIC_CENTER,route,OK
Census Tract 133,"235 Locust St, San Francisco, CA 94118, USA",ROOFTOP,premise,OK
Census Tract 1330,"1506-1592 Marshall Petaluma Rd, Petaluma, CA 94952, USA",RANGE_INTERPOLATED,street_address,OK
Census Tract 134,"2164-2198 Divisadero St, San Francisco, CA 94115, USA",RANGE_INTERPOLATED,street_address,OK
Census Tract 135,"2100-2198 Webster St, San Francisco, CA 94115, USA",RANGE_INTERPOLATED,street_address,OK
Census Tract 151,"1400 Franklin St, San Francisco, CA 94109, USA",ROOFTOP,street_address,OK
Census Tract 152,"1938 Buchanan St, San Francisco, CA 94115, USA",ROOFTOP,street_address,OK
Census Tract 153,"2619 Pine St, San Francisco, CA 94115, USA",ROOFTOP,street_address,OK
Census Tract 154,"88-98 Manzanita Ave, San Francisco, CA 94118, USA",RANGE_INTERPOLATED,street_address,OK
Census Tract 155,"1964 Post St, San Francisco, CA 94115, USA",ROOFTOP,street_address,OK
Census Tract 156,"65 Rossi Ave, San Francisco, CA 94118, USA",ROOFTOP,street_address,OK
Census Tract 157,"2340 Turk St, San Francisco, CA 94118, USA",ROOFTOP,premise,OK
Census Tract 158.01,"1200-1298 Scott St, San Francisco, CA 94115, USA",RANGE_INTERPOLATED,street_address,OK
Census Tract 158.02,"907 Divisadero St, San Francisco, CA 94115, USA",ROOFTOP,street_address,OK
Census Tract 159,"1-83 Inca Ln, San Francisco, CA 94115, USA",RANGE_INTERPOLATED,street_address,OK
Census Tract 160,"885 Franklin St, San Francisco, CA 94102, USA",ROOFTOP,street_address,OK
Census Tract 161,"1101-1109 Golden Gate Ave, San Francisco, CA 94115, USA",RANGE_INTERPOLATED,street_address,OK
Census Tract 162,"414 Gough St, San Francisco, CA 94102, USA",ROOFTOP,street_address,OK
Census Tract 163,"743-799 Hayes St, San Francisco, CA 94117, USA",RANGE_INTERPOLATED,street_address,OK
Census Tract 164,"1251 Hayes St, San Francisco, CA 94117, USA",ROOFTOP,street_address,OK
Census Tract 165,"106-198 Ashbury St, San Francisco, CA 94117, USA",RANGE_INTERPOLATED,street_address,OK
Census Tract 166,"525 Ashbury St, San Francisco, CA 94117, USA",ROOFTOP,premise,OK
Census Tract 167,"846 Waller St, San Francisco, CA 94117, USA",ROOFTOP,premise,OK
Census Tract 168.01,"311 Waller St, San Francisco, CA 94117, USA",ROOFTOP,street_address,OK
Census Tract 168.02,"257 Page St, San Francisco, CA 94102, USA",ROOFTOP,premise,OK
Census Tract 169,"54 Henry St, San Francisco, CA 94114, USA",ROOFTOP,street_address,OK
Census Tract 170,"16 Museum Way, San Francisco, CA 94114, USA",RANGE_INTERPOLATED,street_address,OK
Census Tract 171.01,"892 Ashbury St, San Francisco, CA 94117, USA",ROOFTOP,street_address,OK
Census Tract 171.02,"1190-1210 Carl St, San Francisco, CA 94117, USA",ROOFTOP,street_address,OK
Census Tract 176.01,"1076-1098 Mission St, San Francisco, CA 94103, USA",RANGE_INTERPOLATED,street_address,OK
Census Tract 177,"101-141 Treat St, San Francisco, CA 94103, USA",RANGE_INTERPOLATED,street_address,OK
Census Tract 178.01,"301-315 4th St, San Francisco, CA 94107, USA",RANGE_INTERPOLATED,street_address,OK
Census Tract 178.02,"1133 Folsom St, San Francisco, CA 94103, USA",ROOFTOP,street_address,OK
Census Tract 179.02,"San Francisco – Oakland Bay Bridge, San Francisco, CA, USA",GEOMETRIC_CENTER,route,OK
Census Tract 180,"538 6th St, San Francisco, CA 94103, USA",ROOFTOP,premise,OK
Census Tract 201,"1789-1791 Mission St, San Francisco, CA 94103, USA",RANGE_INTERPOLATED,street_address,OK
Census Tract 202,"263 Guerrero St, San Francisco, CA 94103, USA",ROOFTOP,street_address,OK
Census Tract 203,"73 Sharon St, San Francisco, CA 94114, USA",ROOFTOP,street_address,OK
Census Tract 204.01,"230 Caselli Ave, San Francisco, CA 94114, USA",ROOFTOP,premise,OK
Census Tract 204.02,"37 Hopkins Ave, San Francisco, CA 94131, USA",ROOFTOP,premise,OK
Census Tract 205,"215-223 Diamond St, San Francisco, CA 94114, USA",RANGE_INTERPOLATED,street_address,OK
Census Tract 206,"3899 19th St, San Francisco, CA 94114, USA",ROOFTOP,street_address,OK
Census Tract 207,"743 Guerrero St, San Francisco, CA 94110, USA",ROOFTOP,street_address,OK
Census Tract 208,"2351 Mission St, San Francisco, CA 94110, USA",ROOFTOP,street_address,OK
Census Tract 209,"2868 Mission St, San Francisco, CA 94110, USA",ROOFTOP,premise,OK
Census Tract 210,"1215 Guerrero St, San Francisco, CA 94110, USA",ROOFTOP,street_address,OK
Census Tract 211,"943 Sanchez St, San Francisco, CA 94114, USA",ROOFTOP,premise,OK
Census Tract 212,"4284 23rd St, San Francisco, CA 94114, USA",ROOFTOP,street_address,OK
Census Tract 213,"908 Douglass St, San Francisco, CA 94114, USA",ROOFTOP,premise,OK
Census Tract 214,"1235 Sanchez St, San Francisco, CA 94114, USA",ROOFTOP,street_address,OK
Census Tract 215,"1607 Church St, San Francisco, CA 94131, USA",ROOFTOP,premise,OK
Census Tract 216,"1348 Douglass St, San Francisco, CA 94131, USA",ROOFTOP,premise,OK
Census Tract 217,"132-192 Berkeley Way, San Francisco, CA 94131, USA",RANGE_INTERPOLATED,street_address,OK
Census Tract 218,"29 Bemis St, San Francisco, CA 94131, USA",ROOFTOP,premise,OK
Census Tract 226,"113 20th St, San Francisco, CA 94107, USA",ROOFTOP,street_address,OK
Census Tract 227.02,"300-312 Texas St, San Francisco, CA 94107, USA",RANGE_INTERPOLATED,street_address,OK
Census Tract 227.04,"719 Rhode Island St, San Francisco, CA 94107, USA",ROOFTOP,street_address,OK
Census Tract 228.01,"2295 Harrison St, San Francisco, CA 94110, USA",ROOFTOP,premise,OK
Census Tract 228.02,"Bayshore Fwy, San Francisco, CA 94110, USA",GEOMETRIC_CENTER,route,OK
Census Tract 228.03,"2889-2899 22nd St, San Francisco, CA 94110, USA",RANGE_INTERPOLATED,street_address,OK
Census Tract 229.01,"2893 Folsom St, San Francisco, CA 94110, USA",ROOFTOP,street_address,OK
Census Tract 229.02,"3014 25th St, San Francisco, CA 94110, USA",ROOFTOP,premise,OK
Census Tract 229.03,"2744 25th St, San Francisco, CA 94110, USA",ROOFTOP,street_address,OK
Census Tract 230.01,"45-99 Conkling St, San Francisco, CA 94124, USA",RANGE_INTERPOLATED,street_address,OK
Census Tract 230.03,"470 Bayview Cir, San Francisco, CA 94124, USA",ROOFTOP,premise,OK
Census Tract 231.02,"1 Jakey Ct, San Francisco, CA 94124, USA",ROOFTOP,street_address,OK
Census Tract 231.03,"1000 Evans Ave, San Francisco, CA 94124, USA",ROOFTOP,street_address,OK
Census Tract 232,"1330 Thomas Ave, San Francisco, CA 94124, USA",ROOFTOP,street_address,OK
Census Tract 233,"125 Paul Ave, San Francisco, CA 94124, USA",ROOFTOP,street_address,OK
Census Tract 234,"1290 Egbert Ave, San Francisco, CA 94124, USA",ROOFTOP,premise,OK
Census Tract 251,"365 Franconia St, San Francisco, CA 94110, USA",ROOFTOP,street_address,OK
Census Tract 252,"102 Ripley St, San Francisco, CA 94110, USA",ROOFTOP,street_address,OK
Census Tract 253,"132 Coleridge St, San Francisco, CA 94110, USA",ROOFTOP,street_address,OK
Census Tract 254.01,"101-199 Appleton Ave, San Francisco, CA 94110, USA",RANGE_INTERPOLATED,street_address,OK
Census Tract 254.02,"610 Tompkins Ave, San Francisco, CA 94110, USA",ROOFTOP,premise,OK
Census Tract 254.03,"74 Arnold Ave, San Francisco, CA 94110, USA",ROOFTOP,street_address,OK
Census Tract 255,"165 Capistrano Ave, San Francisco, CA 94112, USA",ROOFTOP,street_address,OK
Census Tract 256,"658 Silver Ave, San Francisco, CA 94134, USA",ROOFTOP,premise,OK
Census Tract 257.01,"357 Sweeny St, San Francisco, CA 94134, USA",ROOFTOP,premise,OK
Census Tract 257.02,"201-299 Burrows St, San Francisco, CA 94134, USA",RANGE_INTERPOLATED,street_address,OK
Census Tract 258,"885 Girard St, San Francisco, CA 94134, USA",ROOFTOP,premise,OK
Census Tract 259,"900-998 Woolsey St, San Francisco, CA 94134, USA",RANGE_INTERPOLATED,street_address,OK
Census Tract 260.01,"301 Brazil Ave, San Francisco, CA 94112, USA",ROOFTOP,premise,OK
Census Tract 260.02,"130 Vienna St, San Francisco, CA 94112, USA",ROOFTOP,street_address,OK
Census Tract 260.03,"912 Persia Ave, San Francisco, CA 94112, USA",ROOFTOP,street_address,OK
Census Tract 260.04,"738-742 Madrid St, San Francisco, CA 94112, USA",RANGE_INTERPOLATED,street_address,OK
Census Tract 261,"12 Navajo Ave, San Francisco, CA 94112, USA",ROOFTOP,premise,OK
Census Tract 262,"2-98 De Wolf St, San Francisco, CA 94112, USA",RANGE_INTERPOLATED,street_address,OK
Census Tract 263.01,"59 Curtis St, San Francisco, CA 94112, USA",ROOFTOP,premise,OK
Census Tract 263.02,"756 Rolph St, San Francisco, CA 94112, USA",ROOFTOP,premise,OK
Census Tract 263.03,"1 Byron Ct, San Francisco, CA 94112, USA",ROOFTOP,premise,OK
Census Tract 264.01,"2 Rey St, San Francisco, CA 94134, USA",ROOFTOP,premise,OK
Census Tract 264.02,"335 Wilde Ave, San Francisco, CA 94134, USA",ROOFTOP,premise,OK
Census Tract 264.03,"750-798 Visitacion Ave, San Francisco, CA 94134, USA",RANGE_INTERPOLATED,street_address,OK
Census Tract 264.04,"330 Argonaut Ave, San Francisco, CA 94134, USA",ROOFTOP,premise,OK
Census Tract 301.01,"145 Irving St, San Francisco, CA 94122, USA",ROOFTOP,street_address,OK
Census Tract 301.02,"East Ridge Trail, San Francisco, CA 94131, USA",GEOMETRIC_CENTER,route,OK
Census Tract 3010,"301 Alcott Ct, Bethel Island, CA 94511, USA",ROOFTOP,street_address,OK
Census Tract 302.01,"1336 16th Ave, San Francisco, CA 94122, USA",ROOFTOP,street_address,OK
Census Tract 302.02,"1336A 10th Ave, San Francisco, CA 94122, USA",ROOFTOP,street_address,OK
Census Tract 3020.05,"75-80 Ottawa St, Oakley, CA 94561, USA",RANGE_INTERPOLATED,street_address,OK
Census Tract 3020.06,"5481 Big Break Regional Trail, Oakley, CA 94561, USA",ROOFTOP,street_address,OK
Census Tract 3020.07,"500-524 Laurel Rd, Oakley, CA 94561, USA",RANGE_INTERPOLATED,street_address,OK
Census Tract 3020.08,"4201 Knightsen Ave, Oakley, CA 94561, USA",ROOFTOP,street_address,OK
Census Tract 3020.09,"Canada Valley Rd, Antioch, CA 94531, USA",GEOMETRIC_CENTER,route,OK
Census Tract 3020.10,"Delta de Anza Regional Trail, Oakley, CA 94561, USA",GEOMETRIC_CENTER,route,OK
Census Tract 303.01,"1675 12th Ave, San Francisco, CA 94122, USA",ROOFTOP,premise,OK
Census Tract 303.02,"1938 15th Ave, San Francisco, CA 94116, USA",ROOFTOP,street_address,OK
Census Tract 3031.02,"2349 Atterbury Ln, Brentwood, CA 94513, USA",ROOFTOP,premise,OK
Census Tract 3031.03,"1780 Chestnut St, Brentwood, CA 94513, USA",ROOFTOP,street_address,OK
Census Tract 3032.01,"3052 Heidorn Ranch Rd, Antioch, CA 94531, USA",ROOFTOP,street_address,OK
Census Tract 3032.02,"720 Outrigger Cir, Brentwood, CA 94513, USA",ROOFTOP,premise,OK
Census Tract 3032.03,"2204-2324 Sand Creek Trail, Brentwood, CA 94513, USA",RANGE_INTERPOLATED,street_address,OK
Census Tract 3032.04,"870 Summer Cir, Brentwood, CA 94513, USA",RANGE_INTERPOLATED,street_address,OK
Census Tract 3032.05,"484-836 Payne Ave, Brentwood, CA 94513, USA",RANGE_INTERPOLATED,street_address,OK
Census Tract 304,"2324 9th Ave, San Francisco, CA 94116, USA",ROOFTOP,premise,OK
Census Tract 3040.01,"1906 Vintage Cir, Brentwood, CA 94513, USA",ROOFTOP,street_address,OK
Census Tract 3040.02,"Western Farms Ranch Rd, Byron, CA 94514, USA",GEOMETRIC_CENTER,route,OK
Census Tract 3040.03,"5901 Marina Rd, Discovery Bay, CA 94505, USA",ROOFTOP,street_address,OK
Census Tract 3040.04,"1811-1821 Dune Point Pl, Discovery Bay, CA 94505, USA",RANGE_INTERPOLATED,street_address,OK
Census Tract 3040.05,"7001-7007 Orwood Rd, Brentwood, CA 94513, USA",RANGE_INTERPOLATED,street_address,OK
Census Tract 305,"300-348 Dellbrook Ave, San Francisco, CA 94131, USA",RANGE_INTERPOLATED,street_address,OK
Census Tract 3050,"1400-1798 Auto Center Dr, Antioch, CA 94509, USA",RANGE_INTERPOLATED,street_address,OK
Census Tract 306,"115-125 Idora Ave, San Francisco, CA 94127, USA",RANGE_INTERPOLATED,street_address,OK
Census Tract 3060.02,"18TH E St, Antioch, CA 94509, USA",ROOFTOP,street_address,OK
Census Tract 3060.03,"1600-1798 Marie Ave, Antioch, CA 94509, USA",RANGE_INTERPOLATED,street_address,OK
Census Tract 3060.04,"1225-1237 Azevedo St, Antioch, CA 94509, USA",RANGE_INTERPOLATED,street_address,OK
Census Tract 307,"239 Bella Vista Way, San Francisco, CA 94127, USA",ROOFTOP,premise,OK
Census Tract 3071.01,"3101-3105 Milner Rd, Antioch, CA 94509, USA",RANGE_INTERPOLATED,street_address,OK
Census Tract 3071.02,"601 W Madill St, Antioch, CA 94509, USA",ROOFTOP,street_address,OK
Census Tract 3072.01,"4001-4007 Leticia Ct, Antioch, CA 94509, USA",RANGE_INTERPOLATED,street_address,OK
Census Tract 3072.02,"1725 Magnolia Way, Antioch, CA 94509, USA",ROOFTOP,premise,OK
Census Tract 3072.04,"2937-2941 N Francisco Way, Antioch, CA 94509, USA",RANGE_INTERPOLATED,street_address,OK
Census Tract 3072.05,"3007 Madison Ct, Antioch, CA 94509, USA",ROOFTOP,premise,OK
Census Tract 308,"170 W Portal Ave, San Francisco, CA 94127, USA",ROOFTOP,premise,OK
Census Tract 3080.01,"3118 Lindley Ct, Antioch, CA 94509, USA",ROOFTOP,premise,OK
Census Tract 3080.02,"3942-3946 Mead St, Antioch, CA 94531, USA",RANGE_INTERPOLATED,street_address,OK
Census Tract 309,"2245-2255 Ocean Ave, San Francisco, CA 94127, USA",RANGE_INTERPOLATED,street_address,OK
Census Tract 3090,"935 E 3rd St, Pittsburg, CA 94565, USA",ROOFTOP,street_address,OK
Census Tract 310,"142-150 Eastwood Dr, San Francisco, CA 94112, USA",RANGE_INTERPOLATED,street_address,OK
Census Tract 3100,"319 W 13th St, Pittsburg, CA 94565, USA",ROOFTOP,street_address,OK
Census Tract 311,"324 Edna St, San Francisco, CA 94112, USA",ROOFTOP,street_address,OK
Census Tract 3110,"218-226 Dimaggio Ave, Pittsburg, CA 94565, USA",RANGE_INTERPOLATED,street_address,OK
Census Tract 312.01,"407 Holloway Ave, San Francisco, CA 94112, USA",ROOFTOP,street_address,OK
Census Tract 312.02,"16 Getz St, San Francisco, CA 94112, USA",ROOFTOP,street_address,OK
Census Tract 3120,"2012 Carion Ct, Pittsburg, CA 94565, USA",ROOFTOP,street_address,OK
Census Tract 313.01,"378 Vernon St, San Francisco, CA 94132, USA",ROOFTOP,premise,OK
Census Tract 313.02,"146-150 Arch St, San Francisco, CA 94132, USA",RANGE_INTERPOLATED,street_address,OK
Census Tract 3131.01,"199 Kona Cir, Pittsburg, CA 94565, USA",ROOFTOP,street_address,OK
Census Tract 3131.02,"3483 Delta de Anza Regional Trail, Pittsburg, CA 94565, USA",ROOFTOP,street_address,OK
Census Tract 3131.03,"Lougher Ridge Trail, Antioch, CA 94509, USA",GEOMETRIC_CENTER,route,OK
Census Tract 3132.03,"2254-2298 San Remo Ct, Pittsburg, CA 94565, USA",RANGE_INTERPOLATED,street_address,OK
Census Tract 3132.04,"Ripple Rouge Rd, Pittsburg, CA 94565, USA",GEOMETRIC_CENTER,route,OK
Census Tract 3132.05,"2301 Range Rd, Pittsburg, CA 94565, USA",ROOFTOP,street_address,OK
Census Tract 3132.06,"259 Thomas Way, Pittsburg, CA 94565, USA",ROOFTOP,premise,OK
Census Tract 314,"133 Lobos St, San Francisco, CA 94112, USA",ROOFTOP,premise,OK
Census Tract 3141.02,"1047-1215 Willow Pass Rd, Pittsburg, CA 94565, USA",RANGE_INTERPOLATED,street_address,OK
Census Tract 3141.03,"Unnamed Road, Bay Point, CA 94565, USA",GEOMETRIC_CENTER,route,OK
Census Tract 3141.04,"2892 Clearland Cir, Bay Point, CA 94565, USA",ROOFTOP,premise,OK
Census Tract 3142,"Port Chicago Hwy, Bay Point, CA 94565, USA",GEOMETRIC_CENTER,route,OK
Census Tract 3150,"Port Chicago Hwy, Concord, CA 94520, USA",GEOMETRIC_CENTER,route,OK
Census Tract 3160,"2-98 N Court St, Martinez, CA 94553, USA",RANGE_INTERPOLATED,street_address,OK
Census Tract 3170,"Carpenter Cir, Martinez, CA 94553, USA",GEOMETRIC_CENTER,route,OK
Census Tract 3180,"Franklin Ridge Loop, Martinez, CA 94553, USA",GEOMETRIC_CENTER,route,OK
Census Tract 3190,"2116-2130 Glen St, Martinez, CA 94553, USA",RANGE_INTERPOLATED,street_address,OK
Census Tract 3200.01,"Meadowlark Ridge Loop, Martinez, CA 94553, USA",GEOMETRIC_CENTER,route,OK
Census Tract 3200.03,"296-298 Oakwood Cir, Martinez, CA 94553, USA",RANGE_INTERPOLATED,street_address,OK
Census Tract 3200.04,"Senator Daniel E. Boatwright Hwy, Martinez, CA 94553, USA",GEOMETRIC_CENTER,route,OK
Census Tract 3211.01,"1133 Morello Ave, Martinez, CA 94553, USA",ROOFTOP,street_address,OK
Census Tract 3211.02,"312-314 Valley High Dr, Pleasant Hill, CA 94523, USA",RANGE_INTERPOLATED,street_address,OK
Census Tract 3211.03,"399 Lindsey Dr, Martinez, CA 94553, USA",RANGE_INTERPOLATED,street_address,OK
Census Tract 3212,"122 Deodar Dr, Pacheco, CA 94553, USA",ROOFTOP,premise,OK
Census Tract 3220,"Contra Costa Canal Trail, Pleasant Hill, CA 94523, USA",GEOMETRIC_CENTER,route,OK
Census Tract 3230,"1985-1991 Maybelle Dr, Pleasant Hill, CA 94523, USA",RANGE_INTERPOLATED,street_address,OK
Census Tract 3240.01,"3355 Pershing Dr, Walnut Creek, CA 94597, USA",RANGE_INTERPOLATED,street_address,OK
Census Tract 3240.02,"15-25 Vivian Dr, Pleasant Hill, CA 94523, USA",ROOFTOP,street_address,OK
Census Tract 3250,"527 Masefield Dr, Pleasant Hill, CA 94523, USA",ROOFTOP,premise,OK
Census Tract 326.01,"1349 22nd Ave, San Francisco, CA 94122, USA",ROOFTOP,street_address,OK
Census Tract 326.02,"1535 24th Ave, San Francisco, CA 94122, USA",ROOFTOP,premise,OK
Census Tract 3260,"73-99 Carpenter Ct, Pleasant Hill, CA 94523, USA",RANGE_INTERPOLATED,street_address,OK
Census Tract 327,"1447 32nd Ave, San Francisco, CA 94122, USA",ROOFTOP,premise,OK
Census Tract 3270,"181 John Glenn Dr, Concord, CA 94520, USA",ROOFTOP,street_address,OK
Census Tract 328.01,"2200-2294 24th Ave, San Francisco, CA 94116, USA",RANGE_INTERPOLATED,street_address,OK
Census Tract 328.02,"1890 24th Ave, San Francisco, CA 94122, USA",ROOFTOP,premise,OK
Census Tract 3280,"1921-1999 Mira Vista Terrace, Concord, CA 94520, USA",RANGE_INTERPOLATED,street_address,OK
Census Tract 329.01,"2224 Rivera St, San Francisco, CA 94116, USA",ROOFTOP,street_address,OK
Census Tract 329.02,"1847 32nd Ave, San Francisco, CA 94122, USA",ROOFTOP,premise,OK
Census Tract 3290,"2415 Olivera Rd, Concord, CA 94520, USA",ROOFTOP,street_address,OK
Census Tract 330,"2600-2630 28th Ave, San Francisco, CA 94116, USA",RANGE_INTERPOLATED,street_address,OK
Census Tract 3300,"2153 N 6th St, Concord, CA 94519, USA",ROOFTOP,premise,OK
Census Tract 331,"4000 Ocean Ave, San Francisco, CA 94132, USA",RANGE_INTERPOLATED,street_address,OK
Census Tract 3310,"1701 Dakota Ln, Concord, CA 94519, USA",RANGE_INTERPOLATED,street_address,OK
Census Tract 332.01,"245-265 Buckingham Way, San Francisco, CA 94132, USA",RANGE_INTERPOLATED,street_address,OK
Census Tract 332.03,"441 Gonzalez Dr, San Francisco, CA 94132, USA",ROOFTOP,street_address,OK
Census Tract 332.04,"505 Font Blvd, San Francisco, CA 94132, USA",ROOFTOP,street_address,OK
Census Tract 3320,"1788-1790 Landana Dr, Concord, CA 94519, USA",RANGE_INTERPOLATED,street_address,OK
Census Tract 3331.01,"1730 Claycord Ave, Concord, CA 94521, USA",ROOFTOP,premise,OK
Census Tract 3331.02,"5240 Concord Blvd, Concord, CA 94521, USA",RANGE_INTERPOLATED,street_address,OK
Census Tract 3332,"1693 Baywood Dr, Concord, CA 94521, USA",ROOFTOP,premise,OK
Census Tract 3340.01,"1370 Janet Ln, Concord, CA 94521, USA",ROOFTOP,premise,OK
Census Tract 3340.04,"1400 Hartnell Ct, Concord, CA 94521, USA",RANGE_INTERPOLATED,street_address,OK
Census Tract 3340.06,"4405-4407 Blueberry Ct, Concord, CA 94521, USA",RANGE_INTERPOLATED,street_address,OK
Census Tract 3342,"53 Don Cir, Walnut Creek, CA 94595, USA",ROOFTOP,street_address,OK
Census Tract 3350,"3219-3225 Mt Diablo St, Concord, CA 94518, USA",RANGE_INTERPOLATED,street_address,OK
Census Tract 3361.01,"1330-1340 Cross Way, Concord, CA 94520, USA",RANGE_INTERPOLATED,street_address,OK
Census Tract 3361.02,"1665 Bloomfield Ln, Concord, CA 94520, USA",ROOFTOP,street_address,OK
Census Tract 3362.01,"1330-1350 Cypress Dr, Concord, CA 94520, USA",RANGE_INTERPOLATED,street_address,OK
Census Tract 3362.02,"1136-1142 Lacey Ln, Concord, CA 94520, USA",RANGE_INTERPOLATED,street_address,OK
Census Tract 3371,"3750-3760 Northridge Dr, Concord, CA 94518, USA",RANGE_INTERPOLATED,street_address,OK
Census Tract 3372,"970 Detroit Ave, Concord, CA 94518, USA",ROOFTOP,premise,OK
Census Tract 3373,"Ygnacio Canal Trail, Walnut Creek, CA 94598, USA",GEOMETRIC_CENTER,route,OK
Census Tract 3381.01,"1000-1048 Ernst Way, Concord, CA 94518, USA",RANGE_INTERPOLATED,street_address,OK
Census Tract 3381.02,"1610-1618 Nuala St, Concord, CA 94518, USA",RANGE_INTERPOLATED,street_address,OK
Census Tract 3382.01,"1059 Winton Dr, Walnut Creek, CA 94598, USA",ROOFTOP,premise,OK
Census Tract 3382.03,"Iron Horse Regional Trail, Walnut Creek, CA 94597, USA",GEOMETRIC_CENTER,route,OK
Census Tract 3382.04,"512 Allegheny Dr, Walnut Creek, CA 94598, USA",ROOFTOP,street_address,OK
Census Tract 3383.01,"2550 Casa Bueno Ct, Walnut Creek, CA 94598, USA",ROOFTOP,street_address,OK
Census Tract 3383.02,"1064-1096 Snyder Ln, Walnut Creek, CA 94598, USA",RANGE_INTERPOLATED,street_address,OK
Census Tract 3390.01,"1425 S Main St, Walnut Creek, CA 94596, USA",ROOFTOP,premise,OK
Census Tract 3390.02,"332 Ygnacio Valley Rd, Walnut Creek, CA 94596, USA",ROOFTOP,street_address,OK
Census Tract 3400.01,"24 Canal Ln, Walnut Creek, CA 94597, USA",RANGE_INTERPOLATED,street_address,OK
Census Tract 3400.02,"199 Bria Ct, Walnut Creek, CA 94597, USA",RANGE_INTERPOLATED,street_address,OK
Census Tract 3410,"Melody Dr, Walnut Creek, CA 94595, USA",GEOMETRIC_CENTER,route,OK
Census Tract 3430.01,"200 El Camino Corto, Walnut Creek, CA 94596, USA",ROOFTOP,street_address,OK
Census Tract 3430.02,"98 La Vista Ct, Walnut Creek, CA 94598, USA",RANGE_INTERPOLATED,street_address,OK
Census Tract 3430.03,"760-766 Rosewood Dr, Walnut Creek, CA 94596, USA",RANGE_INTERPOLATED,street_address,OK
Census Tract 3451.01,"7442 Inverness St, San Ramon, CA 94583, USA",RANGE_INTERPOLATED,street_address,OK
Census Tract 3451.02,"3034-3040 Millbridge Dr, San Ramon, CA 94583, USA",RANGE_INTERPOLATED,street_address,OK
Census Tract 3451.03,"9530-9538 Thunderbird Dr, San Ramon, CA 94583, USA",RANGE_INTERPOLATED,street_address,OK
Census Tract 3451.05,"1 Olney Ct, Danville, CA 94526, USA",ROOFTOP,premise,OK
Census Tract 3451.08,"999 Woodland Dr, San Ramon, CA 94582, USA",RANGE_INTERPOLATED,street_address,OK
Census Tract 3451.11,"58 Dunbarton Ct, San Ramon, CA 94583, USA",ROOFTOP,premise,OK
Census Tract 3451.12,"Elderberry Drive, San Ramon, CA 94582, USA",GEOMETRIC_CENTER,route,OK
Census Tract 3451.13,"48-50 Woodranch Cir, Danville, CA 94506, USA",RANGE_INTERPOLATED,street_address,OK
Census Tract 3451.14,"321-325 Camaritas Way, Danville, CA 94526, USA",RANGE_INTERPOLATED,street_address,OK
Census Tract 3451.15,"40 Century Oaks Ct, San Ramon, CA 94583, USA",ROOFTOP,street_address,OK
Census Tract 3451.16,"35 Mesa Vista Ct, San Ramon, CA 94583, USA",ROOFTOP,street_address,OK
Census Tract 3452.02,"2495-3399 Promontory Cir, San Ramon, CA 94583, USA",RANGE_INTERPOLATED,street_address,OK
Census Tract 3452.03,"18400 Bollinger Canyon Rd, San Ramon, CA 94583, USA",ROOFTOP,street_address,OK
Census Tract 3452.04,"285 Lark Ln, Alamo, CA 94507, USA",ROOFTOP,street_address,OK
Census Tract 3461.01,"Twin Ponds Loop Trail, Walnut Creek, CA 94596, USA",GEOMETRIC_CENTER,route,OK
Census Tract 3461.02,"Las Tampas to Mount Diablo Regional Trail, Alamo, CA 94507, USA",GEOMETRIC_CENTER,route,OK
Census Tract 3462.01,"189 Hope Ln, Danville, CA 94526, USA",ROOFTOP,street_address,OK
Census Tract 3462.03,"776 Contada Cir, Danville, CA 94526, USA",ROOFTOP,street_address,OK
Census Tract 3462.04,"Short Ridge Trail, Danville, CA 94506, USA",GEOMETRIC_CENTER,route,OK
Census Tract 3470,"Spengler Trail, Lafayette, CA 94549, USA",GEOMETRIC_CENTER,route,OK
Census Tract 3480,"1225 Rose Ln, Lafayette, CA 94549, USA",ROOFTOP,premise,OK
Census Tract 3490,"Lafayette/Moraga Regional Trail, Lafayette, CA 94549, USA",GEOMETRIC_CENTER,route,OK
Census Tract 3500,"Shore Trail, Lafayette, CA, USA",GEOMETRIC_CENTER,route,OK
Census Tract 351,"1560 40th Ave, San Francisco, CA 94122, USA",ROOFTOP,premise,OK
Census Tract 3511.01,"3691-3833 Terra Granada Dr, Walnut Creek, CA 94595, USA",RANGE_INTERPOLATED,street_address,OK
Census Tract 3511.02,"1400-1600 Oakmont Dr, Walnut Creek, CA 94595, USA",RANGE_INTERPOLATED,street_address,OK
Census Tract 3511.03,"644 Terra California Dr, Walnut Creek, CA 94595, USA",ROOFTOP,street_address,OK
Census Tract 3512,"3348-3350 Helen Ln, Lafayette, CA 94549, USA",RANGE_INTERPOLATED,street_address,OK
Census Tract 352.01,"1405-1429 Great Hwy, San Francisco, CA 94122, USA",RANGE_INTERPOLATED,street_address,OK
Census Tract 352.02,"1347 46th Ave, San Francisco, CA 94122, USA",ROOFTOP,premise,OK
Census Tract 3521.01,"99 Valley Hill Dr, Moraga, CA 94556, USA",ROOFTOP,street_address,OK
Census Tract 3521.02,"11-99 Shannon Ct, Moraga, CA 94556, USA",RANGE_INTERPOLATED,street_address,OK
Census Tract 3522.01,"148-198 Warfield Dr, Moraga, CA 94556, USA",RANGE_INTERPOLATED,street_address,OK
Census Tract 3522.02,"Redwood Hwy, Canyon, CA 94516, USA",GEOMETRIC_CENTER,route,OK
Census Tract 353,"2378 40th Ave, San Francisco, CA 94116, USA",ROOFTOP,premise,OK
Census Tract 3530.01,"89 Dairy Creek Ln, Orinda, CA 94563, USA",ROOFTOP,street_address,OK
Census Tract 3530.02,"78-80 Tara Rd, Orinda, CA 94563, USA",RANGE_INTERPOLATED,street_address,OK
Census Tract 354,"2306 Great Hwy, San Francisco, CA 94116, USA",RANGE_INTERPOLATED,street_address,OK
Census Tract 3540.01,"10 Tumbling Brook Rd, Orinda, CA 94563, USA",ROOFTOP,street_address,OK
Census Tract 3540.02,"11 Valley View Dr, Orinda, CA 94563, USA",ROOFTOP,premise,OK
Census Tract 3551.07,"6398 Chadbourne Rd, Brentwood, CA 94513, USA",RANGE_INTERPOLATED,street_address,OK
Census Tract 3551.08,"1100-1198 Empire Mine Rd, Antioch, CA 94531, USA",RANGE_INTERPOLATED,street_address,OK
Census Tract 3551.09,"615 Greystone Dr, Antioch, CA 94509, USA",ROOFTOP,street_address,OK
Census Tract 3551.10,"4787-4793 Country Hills Dr, Antioch, CA 94531, USA",RANGE_INTERPOLATED,street_address,OK
Census Tract 3551.11,"4245-4275 Palomar Dr, Antioch, CA 94531, USA",RANGE_INTERPOLATED,street_address,OK
Census Tract 3551.12,"Volvon Trail, Livermore, CA 94551, USA",GEOMETRIC_CENTER,route,OK
Census Tract 3551.13,"4351-4399 Mansfield Dr, Blackhawk, CA 94506, USA",RANGE_INTERPOLATED,street_address,OK
Census Tract 3551.14,"51 Hidden Hills Pl, Danville, CA 94506, USA",ROOFTOP,street_address,OK
Census Tract 3551.15,"4040 Goldenbay Ave, San Ramon, CA 94582, USA",RANGE_INTERPOLATED,street_address,OK
Census Tract 3551.16,"Tassajara Ridge Trail, San Ramon, CA 94582, USA",GEOMETRIC_CENTER,route,OK
Census Tract 3551.17,"Rolling Hills Trail, San Ramon, CA 94582, USA",GEOMETRIC_CENTER,route,OK
Census Tract 3552,"Unnamed Road, Pittsburg, CA 94565, USA",GEOMETRIC_CENTER,route,OK
Census Tract 3553.01,"5301 Vista Point Ct, Concord, CA 94521, USA",ROOFTOP,premise,OK
Census Tract 3553.02,"565-571 Hillrise Pl, Walnut Creek, CA 94598, USA",RANGE_INTERPOLATED,street_address,OK
Census Tract 3553.04,"350 Blue Oak Ln, Clayton, CA 94517, USA",ROOFTOP,premise,OK
Census Tract 3553.06,"Bald Ridge Trail, Walnut Creek, CA 94598, USA",GEOMETRIC_CENTER,route,OK
Census Tract 3560.01,"Kestrel Loop Trail, Rodeo, CA 94572, USA",GEOMETRIC_CENTER,route,OK
Census Tract 3560.02,"1179-1183 Bear Creek Rd, Martinez, CA 94553, USA",RANGE_INTERPOLATED,street_address,OK
Census Tract 3570,"148 Carquinez Scenic Dr, Port Costa, CA 94569, USA",RANGE_INTERPOLATED,street_address,OK
Census Tract 3580,"Union Oil Company, Rodeo, CA 94572, USA",GEOMETRIC_CENTER,route,OK
Census Tract 3591.02,"832-890 San Pablo Ave, Pinole, CA 94564, USA",RANGE_INTERPOLATED,street_address,OK
Census Tract 3591.03,"701 Antonia Ct, Pinole, CA 94564, USA",ROOFTOP,premise,OK
Census Tract 3591.04,"347 N Wildwood, Hercules, CA 94547, USA",ROOFTOP,premise,OK
Census Tract 3591.05,"1100-1106 Earnest St, Hercules, CA 94547, USA",RANGE_INTERPOLATED,street_address,OK
Census Tract 3592.02,"2816-2826 Wright Ave, Pinole, CA 94564, USA",RANGE_INTERPOLATED,street_address,OK
Census Tract 3592.03,"139 Poppy Dr, Hercules, CA 94547, USA",ROOFTOP,street_address,OK
Census Tract 3592.04,"439-445 Sparrow Dr, Hercules, CA 94547, USA",RANGE_INTERPOLATED,street_address,OK
Census Tract 3601.01,"5557 Sobrante Ave, El Sobrante, CA 94803, USA",ROOFTOP,street_address,OK
Census Tract 3601.02,"Sobrante Ridge Trail, Richmond, CA 94803, USA",GEOMETRIC_CENTER,route,OK
Census Tract 3602,"2834-2840 Sheldon Dr, Richmond, CA 94803, USA",RANGE_INTERPOLATED,street_address,OK
Census Tract 3610,"Fire Trail No 3, Richmond, CA 94803, USA",GEOMETRIC_CENTER,route,OK
Census Tract 3620,"6162 Plymouth Ave, Richmond, CA 94805, USA",ROOFTOP,street_address,OK
Census Tract 3630,"818-882 Park Central St, Richmond, CA 94803, USA",RANGE_INTERPOLATED,street_address,OK
Census Tract 3640.02,"2739-2745 Kevin Rd, San Pablo, CA 94806, USA",RANGE_INTERPOLATED,street_address,OK
Census Tract 3650.02,"Wildcat Marsh Trail, Richmond, CA 94801, USA",GEOMETRIC_CENTER,route,OK
Census Tract 3650.03,"1212 Hilltop Mall Rd, Richmond, CA 94806, USA",ROOFTOP,street_address,OK
Census Tract 3660.01,"1805 Miner Ave, San Pablo, CA 94806, USA",ROOFTOP,street_address,OK
Census Tract 3660.02,"2633 O'Hare Ave, San Pablo, CA 94806, USA",ROOFTOP,premise,OK
Census Tract 3671,"3030-3034 Shane Dr, Richmond, CA 94806, USA",RANGE_INTERPOLATED,street_address,OK
Census Tract 3672,"2434 Bancroft Ln, Richmond, CA 94806, USA",ROOFTOP,street_address,OK
Census Tract 3680.01,"1701 Emeric Ave, San Pablo, CA 94806, USA",ROOFTOP,street_address,OK
Census Tract 3680.02,"1989 Tyler St, San Pablo, CA 94806, USA",ROOFTOP,premise,OK
Census Tract 3690.01,"34 Las Moradas Cir, San Pablo, CA 94806, USA",ROOFTOP,street_address,OK
Census Tract 3690.02,"5954 Wyman St, San Pablo, CA 94806, USA",ROOFTOP,premise,OK
Census Tract 3700,"5310 Sierra Ave, Richmond, CA 94805, USA",ROOFTOP,premise,OK
Census Tract 3710,"672-676 40th St, Richmond, CA 94805, USA",RANGE_INTERPOLATED,street_address,OK
Census Tract 3720,"2841-2847 Humphrey Ave, Richmond, CA 94804, USA",RANGE_INTERPOLATED,street_address,OK
Census Tract 3730,"1001-1033 17th St, Richmond, CA 94801, USA",RANGE_INTERPOLATED,street_address,OK
Census Tract 3740,"2717 Roosevelt Ave, Richmond, CA 94804, USA",ROOFTOP,premise,OK
Census Tract 3750,"619-621 19th St, Richmond, CA 94801, USA",ROOFTOP,street_address,OK
Census Tract 3760,"712 Elm Ave, Richmond, CA 94801, USA",ROOFTOP,street_address,OK
Census Tract 3770,"169b 7th St, Richmond, CA 94801, USA",ROOFTOP,street_address,OK
Census Tract 3780,"Western Ave, Richmond, CA 94801, USA",GEOMETRIC_CENTER,route,OK
Census Tract 3790,"200-298 S 13th St, Richmond, CA 94804, USA",RANGE_INTERPOLATED,street_address,OK
Census Tract 3800,"San Francisco Bay Trail, Richmond, CA 94804, USA",GEOMETRIC_CENTER,route,OK
Census Tract 3810,"3617-3699 Center Ave, Richmond, CA 94804, USA",RANGE_INTERPOLATED,street_address,OK
Census Tract 3820,"1143-1177 Ells St, Richmond, CA 94804, USA",RANGE_INTERPOLATED,street_address,OK
Census Tract 3830,"1900-1924 Santa Clara St, Richmond, CA 94804, USA",RANGE_INTERPOLATED,street_address,OK
Census Tract 3840,"2344-2350 Carquinez Ave, El Cerrito, CA 94530, USA",RANGE_INTERPOLATED,street_address,OK
Census Tract 3851,"1300-1310 Brewster Dr, El Cerrito, CA 94530, USA",RANGE_INTERPOLATED,street_address,OK
Census Tract 3852,"6921 Snowdon Ave, El Cerrito, CA 94530, USA",ROOFTOP,premise,OK
Census Tract 3860,"11450 San Pablo Ave, El Cerrito, CA 94530, USA",ROOFTOP,street_address,OK
Census Tract 3870,"1222 Everett St, El Cerrito, CA 94530, USA",ROOFTOP,premise,OK
Census Tract 3880,"752 Elm St, El Cerrito, CA 94530, USA",ROOFTOP,premise,OK
Census Tract 3891,"410 Richmond St, El Cerrito, CA 94530, USA",ROOFTOP,street_address,OK
Census Tract 3892,"3237 Yosemite Ave, El Cerrito, CA 94530, USA",ROOFTOP,street_address,OK
Census Tract 3901,"7603 Terrace Dr, El Cerrito, CA 94530, USA",ROOFTOP,street_address,OK
Census Tract 3902,"100-104 Sea View Dr, El Cerrito, CA 94530, USA",RANGE_INTERPOLATED,street_address,OK
Census Tract 3910,"98 Sunset Terrace, Kensington, CA 94707, USA",RANGE_INTERPOLATED,street_address,OK
Census Tract 3920,"220-1/2 Willamette Ave, Kensington, CA 94708, USA",ROOFTOP,street_address,OK
Census Tract 3922,"5500-5598 Giant Hwy, Richmond, CA 94806, USA",RANGE_INTERPOLATED,street_address,OK
Census Tract 3923,"6000 James Watson Dr, Hercules, CA 94547, USA",ROOFTOP,street_address,OK
Census Tract 4001,"8071 Claremont Ave, Berkeley, CA 94704, USA",ROOFTOP,street_address,OK
Census Tract 4002,"6201 Chabot Rd, Oakland, CA 94618, USA",ROOFTOP,street_address,OK
Census Tract 4003,"5363 Boyd Ave, Oakland, CA 94618, USA",ROOFTOP,premise,OK
Census Tract 4004,"423 62nd St, Oakland, CA 94609, USA",ROOFTOP,premise,OK
Census Tract 4005,"585 63rd St, Oakland, CA 94609, USA",ROOFTOP,premise,OK
Census Tract 4006,"605 Aileen St, Oakland, CA 94609, USA",RANGE_INTERPOLATED,street_address,OK
Census Tract 4007,"5671 Genoa St, Oakland, CA 94608, USA",ROOFTOP,premise,OK
Census Tract 4008,"6235 Herzog St, Oakland, CA 94608, USA",ROOFTOP,premise,OK
Census Tract 4009,"5623 Gaskill St, Oakland, CA 94608, USA",ROOFTOP,street_address,OK
Census Tract 401,"4131 California St, San Francisco, CA 94118, USA",ROOFTOP,premise,OK
Census Tract 4010,"831-859 41st St, Oakland, CA 94608, USA",RANGE_INTERPOLATED,street_address,OK
Census Tract 4011,"4144 Telegraph Ave, Oakland, CA 94609, USA",ROOFTOP,premise,OK
Census Tract 4012,"4180 Opal St, Oakland, CA 94609, USA",ROOFTOP,premise,OK
Census Tract 4013,"452-466 29th St, Oakland, CA 94609, USA",RANGE_INTERPOLATED,street_address,OK
Census Tract 4014,"3045 West St, Oakland, CA 94608, USA",ROOFTOP,street_address,OK
Census Tract 4015,"3032 Adeline St, Oakland, CA 94608, USA",ROOFTOP,street_address,OK
Census Tract 4016,"2423 Linden St, Oakland, CA 94607, USA",ROOFTOP,street_address,OK
Census Tract 4017,"345 Burma Rd, Oakland, CA 94607, USA",ROOFTOP,street_address,OK
Census Tract 4018,"1678 10th St, Oakland, CA 94607, USA",ROOFTOP,premise,OK
Census Tract 402,"4735 California St, San Francisco, CA 94118, USA",ROOFTOP,street_address,OK
Census Tract 4022,"730 Henry St, Oakland, CA 94607, USA",ROOFTOP,street_address,OK
Census Tract 4024,"1800 Linden St, Oakland, CA 94607, USA",ROOFTOP,premise,OK
Census Tract 4025,"1021 10th St, Oakland, CA 94607, USA",ROOFTOP,street_address,OK
Census Tract 4026,"John B. Williams Fwy & I-980 & Brush St, Oakland, CA 94607, USA",GEOMETRIC_CENTER,route,OK
Census Tract 4027,"773 19th St, Oakland, CA 94612, USA",ROOFTOP,premise,OK
Census Tract 4028,"1900 Rashida Muhammad St, Oakland, CA 94612, USA",RANGE_INTERPOLATED,street_address,OK
Census Tract 4029,"350-382 19th St, Oakland, CA 94612, USA",RANGE_INTERPOLATED,street_address,OK
Census Tract 4030,"901-999 Webster St, Oakland, CA 94607, USA",RANGE_INTERPOLATED,street_address,OK
Census Tract 4031,"901 Clay St, Oakland, CA 94607, USA",RANGE_INTERPOLATED,street_address,OK
Census Tract 4033,"444 Oak St, Oakland, CA 94607, USA",ROOFTOP,premise,OK
Census Tract 4034,"642-656 Bellevue Ave, Oakland, CA 94610, USA",RANGE_INTERPOLATED,street_address,OK
Census Tract 4035.01,"235 Fairmount Ave, Oakland, CA 94611, USA",ROOFTOP,street_address,OK
Census Tract 4035.02,"Perkins Way, Oakland, CA 94610, USA",GEOMETRIC_CENTER,route,OK
Census Tract 4036,"356 Warwick Ave, Oakland, CA 94610, USA",ROOFTOP,street_address,OK
Census Tract 4037.01,"280-282 Park View Terrace, Oakland, CA 94610, USA",RANGE_INTERPOLATED,street_address,OK
Census Tract 4037.02,"429 Euclid Ave, Oakland, CA 94610, USA",ROOFTOP,street_address,OK
Census Tract 4038,"534 Weldon Ave, Oakland, CA 94610, USA",ROOFTOP,premise,OK
Census Tract 4039,"551 Jean St, Oakland, CA 94610, USA",ROOFTOP,street_address,OK
Census Tract 4040,"69-71 Rio Vista Ave, Oakland, CA 94611, USA",RANGE_INTERPOLATED,street_address,OK
Census Tract 4041.01,"188 John St, Oakland, CA 94611, USA",ROOFTOP,premise,OK
Census Tract 4041.02,"110 41st St, Oakland, CA 94611, USA",ROOFTOP,street_address,OK
Census Tract 4042,"4701-4777 Clarewood Dr, Oakland, CA 94618, USA",RANGE_INTERPOLATED,street_address,OK
Census Tract 4043,"6173 Ocean View Dr, Oakland, CA 94618, USA",ROOFTOP,premise,OK
Census Tract 4044,"6407 Gwin Ct, Oakland, CA 94611, USA",ROOFTOP,premise,OK
Census Tract 4045.01,"Estates 31-010 Dam, Oakland, CA 94611, USA",ROOFTOP,premise,OK
Census Tract 4045.02,"6742 Snake Rd, Oakland, CA 94611, USA",ROOFTOP,street_address,OK
Census Tract 4046,"99 Holyrood Manor, Oakland, CA 94611, USA",RANGE_INTERPOLATED,street_address,OK
Census Tract 4047,"2000-2008 Bywood Dr, Oakland, CA 94602, USA",RANGE_INTERPOLATED,street_address,OK
Census Tract 4048,"3837 Fruitvale Ave, Oakland, CA 94602, USA",ROOFTOP,street_address,OK
Census Tract 4049,"3917-3923 Elston Ave, Oakland, CA 94602, USA",RANGE_INTERPOLATED,street_address,OK
Census Tract 4050,"1348 Trestle Glen Rd, Oakland, CA 94610, USA",ROOFTOP,premise,OK
Census Tract 4051,"679-689 Carlston Ave, Oakland, CA 94610, USA",RANGE_INTERPOLATED,street_address,OK
Census Tract 4052,"586 Athol Ave, Oakland, CA 94606, USA",ROOFTOP,premise,OK
Census Tract 4053.01,"296 Lester Ave, Oakland, CA 94606, USA",ROOFTOP,premise,OK
Census Tract 4053.02,"1533 3rd Ave, Oakland, CA 94606, USA",ROOFTOP,premise,OK
Census Tract 4054.01,"650 E 17th St, Oakland, CA 94606, USA",ROOFTOP,premise,OK
Census Tract 4054.02,"1639 11th Ave, Oakland, CA 94606, USA",ROOFTOP,street_address,OK
Census Tract 4055,"816 E 22nd St, Oakland, CA 94606, USA",ROOFTOP,street_address,OK
Census Tract 4056,"1002 Bella Vista Ave, Oakland, CA 94610, USA",ROOFTOP,street_address,OK
Census Tract 4057,"3001-3025 14th Ave, Oakland, CA 94606, USA",RANGE_INTERPOLATED,street_address,OK
Census Tract 4058,"1925 E 25th St, Oakland, CA 94606, USA",ROOFTOP,street_address,OK
Census Tract 4059.01,"2101-2199 Commerce Way, Oakland, CA 94606, USA",RANGE_INTERPOLATED,street_address,OK
Census Tract 4059.02,"1700-1728 16th Ave, Oakland, CA 94606, USA",RANGE_INTERPOLATED,street_address,OK
Census Tract 4060,"1249 Embarcadero, Oakland, CA 94606, USA",ROOFTOP,street_address,OK
Census Tract 4061,"809-849 Fruitvale Ave, Oakland, CA 94601, USA",RANGE_INTERPOLATED,street_address,OK
Census Tract 4062.01,"1809 Irving Ave, Oakland, CA 94601, USA",ROOFTOP,premise,OK
Census Tract 4062.02,"1700 28th Ave, Oakland, CA 94601, USA",ROOFTOP,premise,OK
Census Tract 4063,"2445 26th Ave, Oakland, CA 94601, USA",ROOFTOP,premise,OK
Census Tract 4064,"2910-2922 Sheffield Ave, Oakland, CA 94602, USA",RANGE_INTERPOLATED,street_address,OK
Census Tract 4065,"2525 34th Ave, Oakland, CA 94601, USA",ROOFTOP,street_address,OK
Census Tract 4066.01,"3225 Suter St, Oakland, CA 94602, USA",ROOFTOP,premise,OK
Census Tract 4066.02,"3201 Boston Ave, Oakland, CA 94602, USA",ROOFTOP,premise,OK
Census Tract 4067,"4027-4033 Barner Ave, Oakland, CA 94602, USA",RANGE_INTERPOLATED,street_address,OK
Census Tract 4068,"4050 Midvale Ave, Oakland, CA 94602, USA",ROOFTOP,premise,OK
Census Tract 4069,"4125 Maybelle Ave, Oakland, CA 94619, USA",ROOFTOP,street_address,OK
Census Tract 4070,"3133 38th Ave, Oakland, CA 94619, USA",ROOFTOP,premise,OK
Census Tract 4071.01,"2105 Harrington Ave, Oakland, CA 94601, USA",ROOFTOP,premise,OK
Census Tract 4071.02,"2189-2191 Rosedale Ave, Oakland, CA 94601, USA",RANGE_INTERPOLATED,street_address,OK
Census Tract 4072,"1711-1717 37th Ave, Oakland, CA 94601, USA",RANGE_INTERPOLATED,street_address,OK
Census Tract 4073,"5200 Coliseum Way, Oakland, CA 94601, USA",ROOFTOP,premise,OK
Census Tract 4074,"1631 51st Ave, Oakland, CA 94601, USA",ROOFTOP,street_address,OK
Census Tract 4075,"5635 Holway St, Oakland, CA 94621, USA",ROOFTOP,street_address,OK
Census Tract 4076,"4820 Congress Ave, Oakland, CA 94601, USA",ROOFTOP,premise,OK
Census Tract 4077,"5350 Fleming Ave, Oakland, CA 94619, USA",ROOFTOP,premise,OK
Census Tract 4078,"5335 Underwood Ave, Oakland, CA 94613, USA",ROOFTOP,street_address,OK
Census Tract 4079,"4537 Fair Ave, Oakland, CA 94619, USA",ROOFTOP,street_address,OK
Census Tract 4080,"3610-3616 Klamath St, Oakland, CA 94602, USA",RANGE_INTERPOLATED,street_address,OK
Census Tract 4081,"Leona Trail, Oakland, CA 94619, USA",GEOMETRIC_CENTER,route,OK
Census Tract 4082,"3591-3599 65th Ave, Oakland, CA 94605, USA",RANGE_INTERPOLATED,street_address,OK
Census Tract 4083,"7587 Sterling Dr, Oakland, CA 94605, USA",ROOFTOP,premise,OK
Census Tract 4084,"2675 Parker Ave, Oakland, CA 94605, USA",ROOFTOP,premise,OK
Census Tract 4085,"7806 Lockwood St, Oakland, CA 94621, USA",ROOFTOP,premise,OK
Census Tract 4086,"2218 Church St, Oakland, CA 94605, USA",ROOFTOP,premise,OK
Census Tract 4087,"2515 63rd Ave, Oakland, CA 94605, USA",ROOFTOP,premise,OK
Census Tract 4088,"1034 66th Ave, Oakland, CA 94621, USA",ROOFTOP,street_address,OK
Census Tract 4089,"1026 77th Ave, Oakland, CA 94621, USA",ROOFTOP,street_address,OK
Census Tract 4090,"8433 Earhart Rd, Oakland, CA 94621, USA",ROOFTOP,street_address,OK
Census Tract 4091,"395 Hunter Ave, Oakland, CA 94603, USA",ROOFTOP,street_address,OK
Census Tract 4092,"515 El Paseo Dr, Oakland, CA 94603, USA",ROOFTOP,premise,OK
Census Tract 4093,"1007-1015 103rd Ave, Oakland, CA 94603, USA",RANGE_INTERPOLATED,street_address,OK
Census Tract 4094,"9247 F St, Oakland, CA 94603, USA",ROOFTOP,premise,OK
Census Tract 4095,"8412-8498 E St, Oakland, CA 94621, USA",RANGE_INTERPOLATED,street_address,OK
Census Tract 4096,"8651-8699 Plymouth St, Oakland, CA 94621, USA",RANGE_INTERPOLATED,street_address,OK
Census Tract 4097,"2269 87th Ave, Oakland, CA 94605, USA",ROOFTOP,street_address,OK
Census Tract 4098,"3273-3281 Blandon Rd, Oakland, CA 94605, USA",RANGE_INTERPOLATED,street_address,OK
Census Tract 4099,"98 Thunderbird Ct, Oakland, CA 94605, USA",RANGE_INTERPOLATED,street_address,OK
Census Tract 4100,"11499 Lochard St, Oakland, CA 94605, USA",RANGE_INTERPOLATED,street_address,OK
Census Tract 4101,"2615-2621 Oliver Ave, Oakland, CA 94605, USA",RANGE_INTERPOLATED,street_address,OK
Census Tract 4102,"2320 100th Ave, Oakland, CA 94603, USA",ROOFTOP,street_address,OK
Census Tract 4103,"1803 98th Ave, Oakland, CA 94603, USA",ROOFTOP,premise,OK
Census Tract 4104,"1815-1821 105th Ave, Oakland, CA 94603, USA",RANGE_INTERPOLATED,street_address,OK
Census Tract 4105,"1281-1299 14th St, Oakland, CA 94607, USA",RANGE_INTERPOLATED,street_address,OK
Census Tract 4201,"1316 Portland Ave, Albany, CA 94706, USA",ROOFTOP,street_address,OK
Census Tract 4202,"627 Cornell Ave, Albany, CA 94706, USA",ROOFTOP,street_address,OK
Census Tract 4203,"1100 Eastshore Hwy, Albany, CA 94710, USA",ROOFTOP,street_address,OK
Census Tract 4204,"Unnamed Road, Albany, CA 94710, USA",GEOMETRIC_CENTER,route,OK
Census Tract 4205,"1009-1011 Cornell Ave, Albany, CA 94706, USA",RANGE_INTERPOLATED,street_address,OK
Census Tract 4206,"1030-1032 Neilson St, Albany, CA 94706, USA",RANGE_INTERPOLATED,street_address,OK
Census Tract 4211,"670 Hilldale Ave, Berkeley, CA 94708, USA",ROOFTOP,premise,OK
Census Tract 4212,"107-111 Southampton Ave, Berkeley, CA 94707, USA",RANGE_INTERPOLATED,street_address,OK
Census Tract 4213,"908 Ensenada Ave, Berkeley, CA 94707, USA",ROOFTOP,street_address,OK
Census Tract 4214,"1047 Mariposa Ave, Berkeley, CA 94707, USA",ROOFTOP,street_address,OK
Census Tract 4215,"1055 Sterling Ave, Berkeley, CA 94708, USA",ROOFTOP,premise,OK
Census Tract 4216,"1339-1341 La Loma Ave, Berkeley, CA 94708, USA",RANGE_INTERPOLATED,street_address,OK
Census Tract 4217,"2072 Rose St, Berkeley, CA 94709, USA",ROOFTOP,street_address,OK
Census Tract 4218,"1738 Rose St, Berkeley, CA 94703, USA",ROOFTOP,street_address,OK
Census Tract 4219,"1348 Northside Ave, Berkeley, CA 94702, USA",ROOFTOP,premise,OK
Census Tract 4220,"San Francisco Bay Trail Spur, Berkeley, CA 94720, USA",GEOMETRIC_CENTER,route,OK
Census Tract 4221,"1629 Eighth Street, Berkeley, CA 94710, USA",ROOFTOP,street_address,OK
Census Tract 4222,"1292 Francisco St, Berkeley, CA 94702, USA",ROOFTOP,street_address,OK
Census Tract 4223,"1734-1738 McGee Ave, Berkeley, CA 94703, USA",RANGE_INTERPOLATED,street_address,OK
Census Tract 4224,"2032 Francisco St, Berkeley, CA 94709, USA",ROOFTOP,street_address,OK
Census Tract 4225,"1727 Euclid Ave, Berkeley, CA 94709, USA",ROOFTOP,premise,OK
Census Tract 4226,"2594 Ave, Berkeley, CA 94720, USA",ROOFTOP,street_address,OK
Census Tract 4227,"2401 Prospect St, Berkeley, CA 94704, USA",ROOFTOP,premise,OK
Census Tract 4228,"2435 Channing Way, Berkeley, CA 94704, USA",ROOFTOP,street_address,OK
Census Tract 4229,"2020 Kittredge St, Berkeley, CA 94704, USA",ROOFTOP,premise,OK
Census Tract 4230,"2232-2234 McGee Ave, Berkeley, CA 94703, USA",RANGE_INTERPOLATED,street_address,OK
Census Tract 4231,"2227 Bonar St, Berkeley, CA 94702, USA",ROOFTOP,premise,OK
Census Tract 4232,"2234 Ninth Street, Berkeley, CA 94710, USA",ROOFTOP,street_address,OK
Census Tract 4233,"1324 Ward St, Berkeley, CA 94702, USA",ROOFTOP,street_address,OK
Census Tract 4234,"1695-1699 Ward St, Berkeley, CA 94703, USA",RANGE_INTERPOLATED,street_address,OK
Census Tract 4235,"2001-2081 Ward St, Berkeley, CA 94703, USA",RANGE_INTERPOLATED,street_address,OK
Census Tract 4236.01,"2411 Oregon St, Berkeley, CA 94705, USA",ROOFTOP,premise,OK
Census Tract 4236.02,"2420-2434 Parker St, Berkeley, CA 94704, USA",RANGE_INTERPOLATED,street_address,OK
Census Tract 4237,"2845 Forest Ave, Berkeley, CA 94705, USA",ROOFTOP,premise,OK
Census Tract 4238,"60 The Plaza Dr, Berkeley, CA 94705, USA",ROOFTOP,premise,OK
Census Tract 4239.01,"2003-2013 Woolsey St, Berkeley, CA 94703, USA",RANGE_INTERPOLATED,street_address,OK
Census Tract 4239.02,"3027 Colby St, Berkeley, CA 94705, USA",ROOFTOP,street_address,OK
Census Tract 4240.01,"1637 Fairview St, Berkeley, CA 94703, USA",ROOFTOP,street_address,OK
Census Tract 4240.02,"1344 67th St, Berkeley, CA 94702, USA",ROOFTOP,street_address,OK
Census Tract 4251.01,"9 Commodore Dr, Emeryville, CA 94608, USA",RANGE_INTERPOLATED,street_address,OK
Census Tract 4251.02,"6034-6113 Christie Ave, Emeryville, CA 94608, USA",RANGE_INTERPOLATED,street_address,OK
Census Tract 4251.03,"1331 B 61st St, Emeryville, CA 94608, USA",ROOFTOP,street_address,OK
Census Tract 4251.04,"1200 Park Ave, Emeryville, CA 94608, USA",ROOFTOP,street_address,OK
Census Tract 426.01,"250 22nd Ave, San Francisco, CA 94121, USA",ROOFTOP,street_address,OK
Census Tract 426.02,"247 16th Ave, San Francisco, CA 94118, USA",ROOFTOP,street_address,OK
Census Tract 4261,"33 Lincoln Ave, Piedmont, CA 94611, USA",ROOFTOP,street_address,OK
Census Tract 4262,"29 Jerome Ave, Piedmont, CA 94611, USA",ROOFTOP,premise,OK
Census Tract 427,"373 28th Ave, San Francisco, CA 94121, USA",ROOFTOP,street_address,OK
Census Tract 4271,"1800-1814 Fremont Dr, Alameda, CA 94501, USA",RANGE_INTERPOLATED,street_address,OK
Census Tract 4272,"1913 Clement Ave, Alameda, CA 94501, USA",ROOFTOP,street_address,OK
Census Tract 4273,"1025 Triumph Dr, Alameda, CA 94501, USA",ROOFTOP,street_address,OK
Census Tract 4276,"455 Buena Vista Ave, Alameda, CA 94501, USA",ROOFTOP,street_address,OK
Census Tract 4277,"411 Cola Ballena, Alameda, CA 94501, USA",ROOFTOP,street_address,OK
Census Tract 4278,"931 Central Ave, Alameda, CA 94501, USA",ROOFTOP,street_address,OK
Census Tract 4279,"1631 Alameda Ave, Alameda, CA 94501, USA",ROOFTOP,street_address,OK
Census Tract 428,"247 Sea Cliff Ave, San Francisco, CA 94121, USA",ROOFTOP,premise,OK
Census Tract 4280,"2155 Central Ave, Alameda, CA 94501, USA",ROOFTOP,street_address,OK
Census Tract 4281,"1380-1398 Mound St, Alameda, CA 94501, USA",RANGE_INTERPOLATED,street_address,OK
Census Tract 4282,"936-964 Mound St, Alameda, CA 94501, USA",RANGE_INTERPOLATED,street_address,OK
Census Tract 4283.01,"1081 Island Dr, Alameda, CA 94502, USA",ROOFTOP,street_address,OK
Census Tract 4283.02,"Robert Davey Jr Dr, Alameda, CA 94502, USA",GEOMETRIC_CENTER,route,OK
Census Tract 4284,"1000 Willow St, Alameda, CA 94501, USA",ROOFTOP,street_address,OK
Census Tract 4285,"1901-1911 Franciscan Way, Alameda, CA 94501, USA",RANGE_INTERPOLATED,street_address,OK
Census Tract 4286,"Biking/Hiking Trail, Alameda, CA 94501, USA",GEOMETRIC_CENTER,route,OK
Census Tract 4287,"1150 W Tower Ave, Alameda, CA 94501, USA",ROOFTOP,street_address,OK
Census Tract 4301.01,"Jeep Trail, Castro Valley, CA 94552, USA",GEOMETRIC_CENTER,route,OK
Census Tract 4301.02,"Riley Ridge Rd, Castro Valley, CA 94552, USA",GEOMETRIC_CENTER,route,OK
Census Tract 4302,"17401 San Franciscan Dr, Castro Valley, CA 94552, USA",RANGE_INTERPOLATED,street_address,OK
Census Tract 4303,"4611-4619 Proctor Rd, Castro Valley, CA 94546, USA",RANGE_INTERPOLATED,street_address,OK
Census Tract 4304,"17922 Lake Chabot Rd, Castro Valley, CA 94546, USA",ROOFTOP,street_address,OK
Census Tract 4305,"16091 Gramercy Dr, San Leandro, CA 94578, USA",ROOFTOP,premise,OK
Census Tract 4306,"2724 Jennifer Dr, Castro Valley, CA 94546, USA",ROOFTOP,premise,OK
Census Tract 4307,"19162 Parsons Ave, Castro Valley, CA 94546, USA",ROOFTOP,premise,OK
Census Tract 4308,"4220-4228 Omega Ave, Castro Valley, CA 94546, USA",RANGE_INTERPOLATED,street_address,OK
Census Tract 4309,"20240 Anita Ave, Castro Valley, CA 94546, USA",ROOFTOP,street_address,OK
Census Tract 4310,"21000-21086 Ashfield Ave, Castro Valley, CA 94546, USA",RANGE_INTERPOLATED,street_address,OK
Census Tract 4311,"22028 Cameron St, Castro Valley, CA 94546, USA",ROOFTOP,street_address,OK
Census Tract 4312,"1884 Grove Way, Hayward, CA 94546, USA",ROOFTOP,street_address,OK
Census Tract 4321,"951 Dowling Blvd, San Leandro, CA 94577, USA",ROOFTOP,street_address,OK
Census Tract 4322,"301-311 Dowling Blvd, San Leandro, CA 94577, USA",RANGE_INTERPOLATED,street_address,OK
Census Tract 4323,"359-367 Stoakes Ave, San Leandro, CA 94577, USA",RANGE_INTERPOLATED,street_address,OK
Census Tract 4324,"2200-2498 Polvorosa Ave, San Leandro, CA 94577, USA",RANGE_INTERPOLATED,street_address,OK
Census Tract 4325.01,"1660-1698 Wayne Ave, San Leandro, CA 94577, USA",RANGE_INTERPOLATED,street_address,OK
Census Tract 4325.02,"1469-1499 Jean Way, San Leandro, CA 94577, USA",RANGE_INTERPOLATED,street_address,OK
Census Tract 4326,"1509 Washington Ave, San Leandro, CA 94577, USA",ROOFTOP,street_address,OK
Census Tract 4327,"811 Joaquin Ave, San Leandro, CA 94577, USA",ROOFTOP,street_address,OK
Census Tract 4328,"1899 Lakeview Ct, San Leandro, CA 94577, USA",RANGE_INTERPOLATED,street_address,OK
Census Tract 4330,"1672-1682 141st Ave, San Leandro, CA 94578, USA",RANGE_INTERPOLATED,street_address,OK
Census Tract 4331.02,"922 Halcyon Dr, San Leandro, CA 94578, USA",ROOFTOP,street_address,OK
Census Tract 4331.03,"1233 144th Ave, San Leandro, CA 94578, USA",ROOFTOP,street_address,OK
Census Tract 4331.04,"2571 San Leandro Blvd, San Leandro, CA 94578, USA",ROOFTOP,street_address,OK
Census Tract 4332,"781-795 Chico Dr, San Leandro, CA 94578, USA",RANGE_INTERPOLATED,street_address,OK
Census Tract 4333,"14601-14611 Wiley St, San Leandro, CA 94579, USA",RANGE_INTERPOLATED,street_address,OK
Census Tract 4334,"2500 Outrigger Dr, San Leandro, CA 94577, USA",ROOFTOP,street_address,OK
Census Tract 4335,"15302 Laverne Dr, San Leandro, CA 94579, USA",ROOFTOP,premise,OK
Census Tract 4336,"915-923 Burkhart Ave, San Leandro, CA 94579, USA",RANGE_INTERPOLATED,street_address,OK
Census Tract 4337,"16835-16847 Alisal Ct, San Lorenzo, CA 94580, USA",RANGE_INTERPOLATED,street_address,OK
Census Tract 4338,"Bayfair Dr, San Leandro, CA 94578, USA",GEOMETRIC_CENTER,route,OK
Census Tract 4339,"1630 162nd Ave, San Leandro, CA 94578, USA",ROOFTOP,street_address,OK
Census Tract 4340,"16661 E 14th St, San Leandro, CA 94578, USA",ROOFTOP,street_address,OK
Census Tract 4351.02,"26971 Hayward Blvd, Hayward, CA 94542, USA",ROOFTOP,premise,OK
Census Tract 4351.03,"32485 Palomares Rd, Castro Valley, CA 94552, USA",ROOFTOP,street_address,OK
Census Tract 4351.04,"Vista Peak Loop Trail, Hayward, CA 94544, USA",GEOMETRIC_CENTER,route,OK
Census Tract 4352,"3158 Kelly St, Hayward, CA 94541, USA",ROOFTOP,premise,OK
Census Tract 4353,"1892 Hill Ave, Hayward, CA 94541, USA",ROOFTOP,street_address,OK
Census Tract 4354,"1015 A St, Hayward, CA 94541, USA",ROOFTOP,premise,OK
Census Tract 4355,"1047-1069 Grove Way, Hayward, CA 94541, USA",RANGE_INTERPOLATED,street_address,OK
Census Tract 4356.01,"361 Willow Ave, Hayward, CA 94541, USA",ROOFTOP,street_address,OK
Census Tract 4356.02,"19770 Medford Cir, Hayward, CA 94541, USA",ROOFTOP,street_address,OK
Census Tract 4357,"60-74 Via Hermosa, San Lorenzo, CA 94580, USA",RANGE_INTERPOLATED,street_address,OK
Census Tract 4358,"15930 Via Del Sol, San Lorenzo, CA 94580, USA",ROOFTOP,premise,OK
Census Tract 4359,"2001 Bockman Rd, San Lorenzo, CA 94580, USA",ROOFTOP,street_address,OK
Census Tract 4360,"17225 Via Del Rey, San Lorenzo, CA 94580, USA",ROOFTOP,street_address,OK
Census Tract 4361,"630 Via Aires, San Lorenzo, CA 94580, USA",ROOFTOP,premise,OK
Census Tract 4362,"21155 Garden Ave, Hayward, CA 94541, USA",ROOFTOP,street_address,OK
Census Tract 4363,"22786-22796 Myrtle St, Hayward, CA 94541, USA",RANGE_INTERPOLATED,street_address,OK
Census Tract 4364.01,"24355 Israel Ct, Hayward, CA 94541, USA",ROOFTOP,street_address,OK
Census Tract 4364.02,"26205 Clover Rd, Hayward, CA 94542, USA",ROOFTOP,street_address,OK
Census Tract 4365,"22541 Lindberg Ct, Hayward, CA 94541, USA",ROOFTOP,street_address,OK
Census Tract 4366.01,"24939-24947 Thomas Ave, Hayward, CA 94544, USA",RANGE_INTERPOLATED,street_address,OK
Census Tract 4366.02,"25029 Huntwood Ave, Hayward, CA 94544, USA",ROOFTOP,street_address,OK
Census Tract 4367,"23034 Ida Ln, Hayward, CA 94541, USA",ROOFTOP,street_address,OK
Census Tract 4368,"24667 Surrey Way, Hayward, CA 94544, USA",ROOFTOP,premise,OK
Census Tract 4369,"22665 Blackwood Ave, Hayward, CA 94541, USA",ROOFTOP,street_address,OK
Census Tract 4370,"24775-24791 Papaya St, Hayward, CA 94545, USA",RANGE_INTERPOLATED,street_address,OK
Census Tract 4371.01,"26399 Eden Landing Rd, Hayward, CA 94545, USA",RANGE_INTERPOLATED,street_address,OK
Census Tract 4371.02,"2489-2499 W Tennyson Rd, Hayward, CA 94545, USA",RANGE_INTERPOLATED,street_address,OK
Census Tract 4372,"1920-1936 Rock Springs Dr, Hayward, CA 94545, USA",RANGE_INTERPOLATED,street_address,OK
Census Tract 4373,"26801-26803 Holly Hill Ave, Hayward, CA 94545, USA",RANGE_INTERPOLATED,street_address,OK
Census Tract 4374,"26313 Flamingo Ave, Hayward, CA 94544, USA",ROOFTOP,premise,OK
Census Tract 4375,"26258 Gamboa St, Hayward, CA 94544, USA",ROOFTOP,premise,OK
Census Tract 4376,"27245 Lemay Way, Hayward, CA 94544, USA",ROOFTOP,street_address,OK
Census Tract 4377.01,"521 Brian St, Hayward, CA 94544, USA",ROOFTOP,premise,OK
Census Tract 4377.02,"565 Shepherd Ave, Hayward, CA 94544, USA",ROOFTOP,street_address,OK
Census Tract 4378,"239-243 Stanislaus Way, Hayward, CA 94544, USA",RANGE_INTERPOLATED,street_address,OK
Census Tract 4379,"27177 Mission Blvd, Hayward, CA 94544, USA",ROOFTOP,street_address,OK
Census Tract 4380,"31568-31576 MacDonald Way, Hayward, CA 94544, USA",RANGE_INTERPOLATED,street_address,OK
Census Tract 4381,"31058-31070 Meadowbrook Ave, Hayward, CA 94544, USA",RANGE_INTERPOLATED,street_address,OK
Census Tract 4382.01,"27975 Ormond Ave, Hayward, CA 94544, USA",ROOFTOP,premise,OK
Census Tract 4382.03,"30803-30805 Santana St, Hayward, CA 94544, USA",RANGE_INTERPOLATED,street_address,OK
Census Tract 4382.04,"330-348 Folsom Ave, Hayward, CA 94544, USA",RANGE_INTERPOLATED,street_address,OK
Census Tract 4383,"27597-27613 Decatur Way, Hayward, CA 94545, USA",RANGE_INTERPOLATED,street_address,OK
Census Tract 4384,"2365 Industrial Pkwy W, Hayward, CA 94545, USA",ROOFTOP,premise,OK
Census Tract 4401,"Unnamed Road, Castro Valley, CA 94552, USA",GEOMETRIC_CENTER,route,OK
Census Tract 4402,"841-899 F St, Union City, CA 94587, USA",RANGE_INTERPOLATED,street_address,OK
Census Tract 4403.01,"1570 Atlantic St, Union City, CA 94587, USA",ROOFTOP,premise,OK
Census Tract 4403.04,"4400-4466 Julia Ct, Union City, CA 94587, USA",RANGE_INTERPOLATED,street_address,OK
Census Tract 4403.05,"32462-32466 Jean Dr, Union City, CA 94587, USA",RANGE_INTERPOLATED,street_address,OK
Census Tract 4403.06,"4245 Gemini Dr, Union City, CA 94587, USA",ROOFTOP,premise,OK
Census Tract 4403.07,"2801 Hop Ranch Rd, Union City, CA 94587, USA",ROOFTOP,street_address,OK
Census Tract 4403.08,"34000 Alvarado-Niles Rd, Union City, CA 94587, USA",ROOFTOP,street_address,OK
Census Tract 4403.31,"4257 Oliver Way, Union City, CA 94587, USA",ROOFTOP,street_address,OK
Census Tract 4403.32,"5868 Carmel Way, Union City, CA 94587, USA",ROOFTOP,street_address,OK
Census Tract 4403.33,"2927 Sorrento Way, Union City, CA 94587, USA",ROOFTOP,premise,OK
Census Tract 4403.34,"3168-3172 San Joaquin Way, Union City, CA 94587, USA",RANGE_INTERPOLATED,street_address,OK
Census Tract 4403.35,"34300 Zwissig Way, Union City, CA 94587, USA",ROOFTOP,street_address,OK
Census Tract 4403.36,"35100 Garcia St, Union City, CA 94587, USA",ROOFTOP,premise,OK
Census Tract 4411,"38022-38026 Stenhammer Dr, Fremont, CA 94536, USA",RANGE_INTERPOLATED,street_address,OK
Census Tract 4412,"245 Hillview Dr, Fremont, CA 94536, USA",ROOFTOP,street_address,OK
Census Tract 4413.01,"Fox Ave, Fremont, CA 94536, USA",GEOMETRIC_CENTER,route,OK
Census Tract 4413.02,"35850-35866 Dering Pl, Fremont, CA 94536, USA",RANGE_INTERPOLATED,street_address,OK
Census Tract 4414.01,"34548-34560 Fremont Blvd, Fremont, CA 94555, USA",RANGE_INTERPOLATED,street_address,OK
Census Tract 4414.02,"3300-3308 Gloucester Pl, Fremont, CA 94555, USA",RANGE_INTERPOLATED,street_address,OK
Census Tract 4415.01,"4974-4976 Antioch Loop, Union City, CA 94587, USA",RANGE_INTERPOLATED,street_address,OK
Census Tract 4415.03,"7699 Mowry Ave, Newark, CA 94560, USA",RANGE_INTERPOLATED,street_address,OK
Census Tract 4415.21,"33927-33961 Emilia Ln, Fremont, CA 94555, USA",RANGE_INTERPOLATED,street_address,OK
Census Tract 4415.22,"33016 Great Salt Lake Dr, Fremont, CA 94555, USA",ROOFTOP,premise,OK
Census Tract 4415.23,"4886 Huffman Terrace, Fremont, CA 94555, USA",ROOFTOP,street_address,OK
Census Tract 4415.24,"5363 Ridgewood Dr, Fremont, CA 94555, USA",ROOFTOP,street_address,OK
Census Tract 4416.01,"35501-35531 Ebro Ct, Fremont, CA 94536, USA",RANGE_INTERPOLATED,street_address,OK
Census Tract 4416.02,"36430 Feliz Ct, Fremont, CA 94536, USA",ROOFTOP,premise,OK
Census Tract 4417,"37301 Vineland Terrace, Fremont, CA 94536, USA",RANGE_INTERPOLATED,street_address,OK
Census Tract 4418,"Paseo Padre Pkwy, Fremont, CA 94536, USA",GEOMETRIC_CENTER,route,OK
Census Tract 4419.21,"40195-40199 Leslie St, Fremont, CA 94538, USA",RANGE_INTERPOLATED,street_address,OK
Census Tract 4419.23,"39054-39062 Mt Vernon Ave, Fremont, CA 94538, USA",RANGE_INTERPOLATED,street_address,OK
Census Tract 4419.24,"38724 Chimaera Cir, Fremont, CA 94536, USA",ROOFTOP,street_address,OK
Census Tract 4419.25,"1110 Stevenson Blvd, Fremont, CA 94538, USA",ROOFTOP,street_address,OK
Census Tract 4419.26,"39737-39745 Placer Way, Fremont, CA 94538, USA",RANGE_INTERPOLATED,street_address,OK
Census Tract 4419.27,"Taylor Common, Fremont, CA 94538, USA",GEOMETRIC_CENTER,route,OK
Census Tract 4420,"183-399 Castro Ln, Fremont, CA 94539, USA",RANGE_INTERPOLATED,street_address,OK
Census Tract 4421,"40705-40719 Laguna Pl, Fremont, CA 94539, USA",RANGE_INTERPOLATED,street_address,OK
Census Tract 4422,"2245-2261 Olive Ave, Fremont, CA 94539, USA",RANGE_INTERPOLATED,street_address,OK
Census Tract 4423.01,"41496 Mahoney St, Fremont, CA 94538, USA",ROOFTOP,premise,OK
Census Tract 4423.02,"40828-40836 Lincoln St, Fremont, CA 94538, USA",RANGE_INTERPOLATED,street_address,OK
Census Tract 4424,"40335 Robin St, Fremont, CA 94538, USA",ROOFTOP,premise,OK
Census Tract 4425,"39589 Wilford Ct, Fremont, CA 94538, USA",ROOFTOP,premise,OK
Census Tract 4426.01,"4512-4524 Richmond Ave, Fremont, CA 94536, USA",RANGE_INTERPOLATED,street_address,OK
Census Tract 4426.02,"4514 Norris Rd, Fremont, CA 94536, USA",ROOFTOP,premise,OK
Census Tract 4427,"5243-5255 Eggers Dr, Fremont, CA 94536, USA",RANGE_INTERPOLATED,street_address,OK
Census Tract 4428,"5327 Coco Palm Dr, Fremont, CA 94538, USA",ROOFTOP,premise,OK
Census Tract 4429,"5400-5598 Fiesta Rd, Fremont, CA 94538, USA",RANGE_INTERPOLATED,street_address,OK
Census Tract 4430.01,"43116-43128 Charleston Way, Fremont, CA 94538, USA",RANGE_INTERPOLATED,street_address,OK
Census Tract 4430.02,"4353 Hardwood St, Fremont, CA 94538, USA",ROOFTOP,premise,OK
Census Tract 4431.02,"45120-45130 S Grimmer Blvd, Fremont, CA 94539, USA",RANGE_INTERPOLATED,street_address,OK
Census Tract 4431.03,"Spring Valley Trail, Fremont, CA 94539, USA",GEOMETRIC_CENTER,route,OK
Census Tract 4431.04,"569 Kell Common, Fremont, CA 94539, USA",ROOFTOP,premise,OK
Census Tract 4431.05,"Pine St, Fremont, CA 94539, USA",GEOMETRIC_CENTER,route,OK
Census Tract 4432,"4000 Piedmont Terrace, Fremont, CA 94539, USA",RANGE_INTERPOLATED,street_address,OK
Census Tract 4433.01,"424-454 Kansas Way, Fremont, CA 94539, USA",RANGE_INTERPOLATED,street_address,OK
Census Tract 4433.21,"46815-46827 Fernald St, Fremont, CA 94539, USA",RANGE_INTERPOLATED,street_address,OK
Census Tract 4433.22,"47471-47477 Hoyt St, Fremont, CA 94539, USA",RANGE_INTERPOLATED,street_address,OK
Census Tract 4441,"5310 Lake Blvd, Newark, CA 94560, USA",ROOFTOP,premise,OK
Census Tract 4442,"35875-35883 Argonne St, Newark, CA 94560, USA",RANGE_INTERPOLATED,street_address,OK
Census Tract 4443.01,"36000-36012 Spruce St, Newark, CA 94560, USA",RANGE_INTERPOLATED,street_address,OK
Census Tract 4443.02,"8440 Central Ave # 2C, Newark, CA 94560, USA",ROOFTOP,street_address,OK
Census Tract 4444,"36640-36648 Leone St, Newark, CA 94560, USA",RANGE_INTERPOLATED,street_address,OK
Census Tract 4445,"6194 Civic Terrace Ave, Newark, CA 94560, USA",ROOFTOP,street_address,OK
Census Tract 4446.01,"6268-6282 Smith Ave, Newark, CA 94560, USA",RANGE_INTERPOLATED,street_address,OK
Census Tract 4446.02,"6576-7298 Addition Rd, Newark, CA 94560, USA",RANGE_INTERPOLATED,street_address,OK
Census Tract 4501.01,"Hibernia Dr, Dublin, CA 94568, USA",GEOMETRIC_CENTER,route,OK
Census Tract 4501.02,"6299 Madigan Rd, Dublin, CA 94568, USA",ROOFTOP,street_address,OK
Census Tract 4502,"7688-7694 Topaz Cir, Dublin, CA 94568, USA",RANGE_INTERPOLATED,street_address,OK
Census Tract 4503,"6812 Eden St, Dublin, CA 94568, USA",ROOFTOP,premise,OK
Census Tract 4504,"7749 Ironwood Dr, Dublin, CA 94568, USA",ROOFTOP,premise,OK
Census Tract 4505.01,"11737-11751 Ladera Dr, Dublin, CA 94568, USA",RANGE_INTERPOLATED,street_address,OK
Census Tract 4505.02,"Martin Canyon Creek Trail, Dublin, CA 94568, USA",GEOMETRIC_CENTER,route,OK
Census Tract 4506.01,"Bay Leaf Trail, Sunol, CA 94586, USA",GEOMETRIC_CENTER,route,OK
Census Tract 4506.02,"7374-7398 Lemonwood Way, Pleasanton, CA 94588, USA",RANGE_INTERPOLATED,street_address,OK
Census Tract 4506.03,"6498 Alvord Way, Pleasanton, CA 94588, USA",RANGE_INTERPOLATED,street_address,OK
Census Tract 4506.04,"2428-2438 Skylark Way, Pleasanton, CA 94588, USA",RANGE_INTERPOLATED,street_address,OK
Census Tract 4506.05,"4837-4851 Black Ave, Pleasanton, CA 94566, USA",RANGE_INTERPOLATED,street_address,OK
Census Tract 4506.06,"6024-6038 Hansen Dr, Pleasanton, CA 94566, USA",RANGE_INTERPOLATED,street_address,OK
Census Tract 4506.07,"4890 Bernal Ave, Pleasanton, CA 94566, USA",ROOFTOP,street_address,OK
Census Tract 4507.01,"Unnamed Road, Sunol, CA 94586, USA",GEOMETRIC_CENTER,route,OK
Census Tract 4507.41,"440 Amador Ct, Pleasanton, CA 94566, USA",ROOFTOP,street_address,OK
Census Tract 4507.42,"Levee Trail, Pleasanton, CA 94566, USA",GEOMETRIC_CENTER,route,OK
Census Tract 4507.43,"5724 Gibraltar Dr, Pleasanton, CA 94588, USA",RANGE_INTERPOLATED,street_address,OK
Census Tract 4507.44,"3699 W Las Positas Blvd, Pleasanton, CA 94588, USA",ROOFTOP,street_address,OK
Census Tract 4507.45,"2655 El Charro Rd, Pleasanton, CA 94588, USA",ROOFTOP,street_address,OK
Census Tract 4507.46,"1265 Kolln St, Pleasanton, CA 94566, USA",ROOFTOP,premise,OK
Census Tract 4507.50,"112, 3290 Maguire Way, Dublin, CA 94568, USA",ROOFTOP,street_address,OK
Census Tract 4507.51,"4700 S Spago Dr, Dublin, CA 94568, USA",ROOFTOP,street_address,OK
Census Tract 4507.52,"5661 Doolan Rd, Livermore, CA 94551, USA",ROOFTOP,street_address,OK
Census Tract 451,"228 Balboa St, San Francisco, CA 94118, USA",ROOFTOP,premise,OK
Census Tract 4511.01,"Unnamed Road, Livermore, CA 94550, USA",GEOMETRIC_CENTER,route,OK
Census Tract 4511.02,"1037 Lexington Way, Livermore, CA 94550, USA",ROOFTOP,premise,OK
Census Tract 4512.01,"1262 Hollyhock St, Livermore, CA 94551, USA",ROOFTOP,premise,OK
Census Tract 4512.02,"4201-4299 N Livermore Ave, Livermore, CA 94551, USA",RANGE_INTERPOLATED,street_address,OK
Census Tract 4513,"301-399 W Jack London Blvd, Livermore, CA 94551, USA",RANGE_INTERPOLATED,street_address,OK
Census Tract 4514.01,"965 Waverly Common, Livermore, CA 94551, USA",ROOFTOP,street_address,OK
Census Tract 4514.03,"1193-1199 Apache St, Livermore, CA 94551, USA",RANGE_INTERPOLATED,street_address,OK
Census Tract 4514.04,"528 Adelle St, Livermore, CA 94551, USA",ROOFTOP,premise,OK
Census Tract 4515.01,"2027 Buena Vista Ave, Livermore, CA 94550, USA",ROOFTOP,street_address,OK
Census Tract 4515.03,"338 Burgess St, Livermore, CA 94550, USA",ROOFTOP,premise,OK
Census Tract 4515.04,"16 Las Positas Rd, Livermore, CA 94551, USA",ROOFTOP,street_address,OK
Census Tract 4515.05,"5428-5436 Evelyn Way, Livermore, CA 94550, USA",RANGE_INTERPOLATED,street_address,OK
Census Tract 4515.06,"5287 Diane Ln, Livermore, CA 94550, USA",ROOFTOP,premise,OK
Census Tract 4516.01,"3000 Robertson Park Rd, Livermore, CA 94550, USA",ROOFTOP,street_address,OK
Census Tract 4516.02,"1433-1499 Anza Way, Livermore, CA 94550, USA",RANGE_INTERPOLATED,street_address,OK
Census Tract 4517.01,"701-733 Carmel Ave, Livermore, CA 94550, USA",RANGE_INTERPOLATED,street_address,OK
Census Tract 4517.03,"700-798 Ruby Rd, Livermore, CA 94550, USA",RANGE_INTERPOLATED,street_address,OK
Census Tract 4517.04,"727 Canterbury Ave, Livermore, CA 94550, USA",ROOFTOP,premise,OK
Census Tract 452,"830-898 Balboa St, San Francisco, CA 94118, USA",RANGE_INTERPOLATED,street_address,OK
Census Tract 476,"1536 Balboa St, San Francisco, CA 94118, USA",ROOFTOP,street_address,OK
Census Tract 477.01,"3328 Anza St, San Francisco, CA 94121, USA",ROOFTOP,street_address,OK
Census Tract 477.02,"2324-2328 Cabrillo St, San Francisco, CA 94121, USA",RANGE_INTERPOLATED,street_address,OK
Census Tract 478.01,"3101 Balboa St, San Francisco, CA 94121, USA",ROOFTOP,premise,OK
Census Tract 478.02,"606 36th Ave, San Francisco, CA 94121, USA",ROOFTOP,street_address,OK
Census Tract 479.01,"Coastal Trail, San Francisco, CA 94121, USA",GEOMETRIC_CENTER,route,OK
Census Tract 479.02,"7829-7899 Geary Blvd, San Francisco, CA 94121, USA",RANGE_INTERPOLATED,street_address,OK
Census Tract 6001,"355 Valley Dr, Brisbane, CA 94005, USA",ROOFTOP,premise,OK
Census Tract 6002,"225 Accacia St, Daly City, CA 94014, USA",ROOFTOP,premise,OK
Census Tract 6003,"Saddle Loop Trail, Daly City, CA 94014, USA",GEOMETRIC_CENTER,route,OK
Census Tract 6004.01,"43 Edgemar St, Daly City, CA 94014, USA",ROOFTOP,street_address,OK
Census Tract 6004.02,"58 Peoria St, Daly City, CA 94014, USA",ROOFTOP,premise,OK
Census Tract 6005,"85 Orange Ct, Daly City, CA 94014, USA",ROOFTOP,street_address,OK
Census Tract 6006,"243 Citrus Ave, Daly City, CA 94014, USA",ROOFTOP,premise,OK
Census Tract 6007,"John Daly Blvd, Daly City, CA 94014, USA",GEOMETRIC_CENTER,route,OK
Census Tract 6008,"80 Forest Grove Dr, Daly City, CA 94015, USA",ROOFTOP,premise,OK
Census Tract 6009,"172-178 Northgate Ave, Daly City, CA 94015, USA",RANGE_INTERPOLATED,street_address,OK
Census Tract 601,"999 Marine Dr, San Francisco, CA 94129, USA",ROOFTOP,street_address,OK
Census Tract 6010,"62-74 Northridge Dr, Daly City, CA 94015, USA",RANGE_INTERPOLATED,street_address,OK
Census Tract 6011,"16 Brooklawn Ave, Daly City, CA 94015, USA",RANGE_INTERPOLATED,street_address,OK
Census Tract 6012,"516 87th St, Daly City, CA 94015, USA",ROOFTOP,street_address,OK
Census Tract 6013,"7501 Mission St, Daly City, CA 94014, USA",RANGE_INTERPOLATED,street_address,OK
Census Tract 6014,"256 St Francis Blvd, Daly City, CA 94015, USA",ROOFTOP,street_address,OK
Census Tract 6015.01,"10 Southdale Ave, Daly City, CA 94015, USA",ROOFTOP,street_address,OK
Census Tract 6015.02,"635-643 Serramonte Blvd, Daly City, CA 94015, USA",RANGE_INTERPOLATED,street_address,OK
Census Tract 6016.01,"1930-1998 Hillside Blvd, Colma, CA 94014, USA",RANGE_INTERPOLATED,street_address,OK
Census Tract 6016.03,"352 Michelle Ln, Daly City, CA 94015, USA",ROOFTOP,street_address,OK
Census Tract 6016.04,"135 Serramonte Center, Daly City, CA 94015, USA",ROOFTOP,street_address,OK
Census Tract 6016.05,"4280-4284 Callan Blvd, Daly City, CA 94015, USA",RANGE_INTERPOLATED,street_address,OK
Census Tract 6017,"121 Crown Cir, South San Francisco, CA 94080, USA",ROOFTOP,street_address,OK
Census Tract 6018,"210-212 Alta Mesa Dr, South San Francisco, CA 94080, USA",RANGE_INTERPOLATED,street_address,OK
Census Tract 6019.01,"383 Holly Ave, South San Francisco, CA 94080, USA",ROOFTOP,premise,OK
Census Tract 6019.02,"1086 Grand Ave, South San Francisco, CA 94080, USA",ROOFTOP,street_address,OK
Census Tract 6020,"749 Larch Ave, South San Francisco, CA 94080, USA",ROOFTOP,premise,OK
Census Tract 6021,"938 Linden Ave, South San Francisco, CA 94080, USA",ROOFTOP,premise,OK
Census Tract 6022,"531 3rd Ln, South San Francisco, CA 94080, USA",ROOFTOP,premise,OK
Census Tract 6023,"471 Littlefield Ave, South San Francisco, CA 94080, USA",ROOFTOP,street_address,OK
Census Tract 6024,"458-462 Comerwood Ct, South San Francisco, CA 94080, USA",RANGE_INTERPOLATED,street_address,OK
Census Tract 6025,"2225-2247 Kenry Way, South San Francisco, CA 94080, USA",RANGE_INTERPOLATED,street_address,OK
Census Tract 6026,"2172 Greendale Dr, South San Francisco, CA 94080, USA",ROOFTOP,premise,OK
Census Tract 6027,"483 Inverness Dr, Pacifica, CA 94044, USA",ROOFTOP,premise,OK
Census Tract 6028,"Cabrillo Hwy, Pacifica, CA 94044, USA",GEOMETRIC_CENTER,route,OK
Census Tract 6029,"318 Palmetto Ave, Pacifica, CA 94044, USA",ROOFTOP,street_address,OK
Census Tract 6030,"371 Carmel Ave, Pacifica, CA 94044, USA",ROOFTOP,premise,OK
Census Tract 6031,"4591-4595 Cabrillo Hwy, Pacifica, CA 94044, USA",RANGE_INTERPOLATED,street_address,OK
Census Tract 6032,"401 Athenian Way, Pacifica, CA 94044, USA",RANGE_INTERPOLATED,street_address,OK
Census Tract 6033,"1311 Rosita Rd, Pacifica, CA 94044, USA",ROOFTOP,street_address,OK
Census Tract 6034,"1247-1251 Rainier Ave, Pacifica, CA 94044, USA",RANGE_INTERPOLATED,street_address,OK
Census Tract 6037,"2020 Oakmont Dr, San Bruno, CA 94066, USA",RANGE_INTERPOLATED,street_address,OK
Census Tract 6038.01,"4210 Shelter Creek Ln, San Bruno, CA 94066, USA",ROOFTOP,street_address,OK
Census Tract 6038.02,"2383-2599 San Bruno Ave W, San Bruno, CA 94066, USA",RANGE_INTERPOLATED,street_address,OK
Census Tract 6039,"1489-2347 Crystal Springs Rd, San Bruno, CA 94066, USA",RANGE_INTERPOLATED,street_address,OK
Census Tract 604,"700 John Muir Dr, San Francisco, CA 94132, USA",ROOFTOP,street_address,OK
Census Tract 6040,"1379 Williams Ave, San Bruno, CA 94066, USA",ROOFTOP,premise,OK
Census Tract 6041.01,"465 San Anselmo Ave N, San Bruno, CA 94066, USA",ROOFTOP,street_address,OK
Census Tract 6041.02,"Commodore Dr, San Bruno, CA 94066, USA",GEOMETRIC_CENTER,route,OK
Census Tract 6042,"534-556 Angus Ave E, San Bruno, CA 94066, USA",RANGE_INTERPOLATED,street_address,OK
Census Tract 6044,"423 Nadina Ave, Millbrae, CA 94030, USA",ROOFTOP,premise,OK
Census Tract 6045,"615-619 Capuchino Dr, Millbrae, CA 94030, USA",RANGE_INTERPOLATED,street_address,OK
Census Tract 6046,"1028 Pinehurst Ct, Millbrae, CA 94030, USA",ROOFTOP,street_address,OK
Census Tract 6047,"1095 Vista Grande, Millbrae, CA 94030, USA",ROOFTOP,premise,OK
Census Tract 6048,"403 Palm Ave, Millbrae, CA 94030, USA",ROOFTOP,premise,OK
Census Tract 6049,"1246 Manzanita Dr, Millbrae, CA 94030, USA",ROOFTOP,street_address,OK
Census Tract 605.02,"112-160 Blythdale Ave, San Francisco, CA 94134, USA",RANGE_INTERPOLATED,street_address,OK
Census Tract 6050,"Ed Taylor Trail, Burlingame, CA 94010, USA",GEOMETRIC_CENTER,route,OK
Census Tract 6051,"828 Mahler Rd, Burlingame, CA 94010, USA",ROOFTOP,premise,OK
Census Tract 6052,"1412-1416 De Soto Ave, Burlingame, CA 94010, USA",RANGE_INTERPOLATED,street_address,OK
Census Tract 6053,"1433-1495 Sanchez Ave, Burlingame, CA 94010, USA",RANGE_INTERPOLATED,street_address,OK
Census Tract 6054,"615 Airport Blvd, Burlingame, CA 94010, USA",ROOFTOP,street_address,OK
Census Tract 6055,"1450 Howard Ave, Burlingame, CA 94010, USA",ROOFTOP,premise,OK
Census Tract 6056,"54 Orange Ct, Hillsborough, CA 94010, USA",ROOFTOP,street_address,OK
Census Tract 6057,"2-98 Crystal Springs Terrace, Hillsborough, CA 94010, USA",RANGE_INTERPOLATED,street_address,OK
Census Tract 6058,"517-519 Dorchester Rd, San Mateo, CA 94402, USA",RANGE_INTERPOLATED,street_address,OK
Census Tract 6059,"415 Williams Pl, San Mateo, CA 94401, USA",ROOFTOP,premise,OK
Census Tract 6060,"790 N Delaware St, San Mateo, CA 94401, USA",ROOFTOP,street_address,OK
Census Tract 6061,"Bay Trail, San Mateo, CA 94401, USA",GEOMETRIC_CENTER,route,OK
Census Tract 6062,"819 Tilton Ave, San Mateo, CA 94401, USA",ROOFTOP,premise,OK
Census Tract 6063,"415-499 S Claremont St, San Mateo, CA 94401, USA",RANGE_INTERPOLATED,street_address,OK
Census Tract 6064,"26 W 5th Ave, San Mateo, CA 94402, USA",ROOFTOP,street_address,OK
Census Tract 6065,"525-533 Kentucky Ave, San Mateo, CA 94402, USA",RANGE_INTERPOLATED,street_address,OK
Census Tract 6066,"1435 Kalmia St, San Mateo, CA 94402, USA",ROOFTOP,premise,OK
Census Tract 6067,"798 Madera Dr, San Mateo, CA 94403, USA",RANGE_INTERPOLATED,street_address,OK
Census Tract 6068,"1636-1644 Parrott Dr, San Mateo, CA 94402, USA",RANGE_INTERPOLATED,street_address,OK
Census Tract 6069,"1851 Lexington Ave, San Mateo, CA 94402, USA",ROOFTOP,street_address,OK
Census Tract 607,"555 Mission Rock St, San Francisco, CA 94158, USA",ROOFTOP,street_address,OK
Census Tract 6070,"Salson Trail, San Mateo, CA 94403, USA",GEOMETRIC_CENTER,route,OK
Census Tract 6071,"424 Rolling Hills Ave, San Mateo, CA 94403, USA",ROOFTOP,premise,OK
Census Tract 6072,"146-148 37th Ave, San Mateo, CA 94403, USA",RANGE_INTERPOLATED,street_address,OK
Census Tract 6073,"547-551 Sylvan Ave, San Mateo, CA 94403, USA",RANGE_INTERPOLATED,street_address,OK
Census Tract 6074,"312-316 23rd Ave, San Mateo, CA 94403, USA",RANGE_INTERPOLATED,street_address,OK
Census Tract 6075,"1346 Saratoga Dr, San Mateo, CA 94403, USA",ROOFTOP,street_address,OK
Census Tract 6076,"651 Joanne Dr, San Mateo, CA 94402, USA",ROOFTOP,premise,OK
Census Tract 6077.01,"849-899 Kathryne Ave, San Mateo, CA 94401, USA",RANGE_INTERPOLATED,street_address,OK
Census Tract 6077.02,"1201 S Norfolk St, San Mateo, CA 94401, USA",ROOFTOP,street_address,OK
Census Tract 6078,"1664 Wellesley Ave, San Mateo, CA 94403, USA",ROOFTOP,premise,OK
Census Tract 6079,"700 Mariners Island Blvd, San Mateo, CA 94404, USA",RANGE_INTERPOLATED,street_address,OK
Census Tract 6080.01,"140 Ketch Ct, Foster City, CA 94404, USA",ROOFTOP,premise,OK
Census Tract 6080.02,"329 Catamaran St, Foster City, CA 94404, USA",ROOFTOP,premise,OK
Census Tract 6080.04,"1167 Chess Dr, Foster City, CA 94404, USA",ROOFTOP,premise,OK
Census Tract 6080.13,"612-614 Cornwallis Ln, Foster City, CA 94404, USA",RANGE_INTERPOLATED,street_address,OK
Census Tract 6080.23,"1022 Monterey Ave, Foster City, CA 94404, USA",RANGE_INTERPOLATED,street_address,OK
Census Tract 6081,"761-789 Nina Ln, Foster City, CA 94404, USA",RANGE_INTERPOLATED,street_address,OK
Census Tract 6082,"290-298 Killdeer Ct, Foster City, CA 94404, USA",RANGE_INTERPOLATED,street_address,OK
Census Tract 6083,"1401 Swordfish St, Foster City, CA 94404, USA",RANGE_INTERPOLATED,street_address,OK
Census Tract 6084,"2901 S Norfolk St, San Mateo, CA 94403, USA",ROOFTOP,street_address,OK
Census Tract 6085.01,"3709-3715 Orinda Dr, San Mateo, CA 94403, USA",RANGE_INTERPOLATED,street_address,OK
Census Tract 6085.02,"266-270 Laurie Meadows Dr, San Mateo, CA 94403, USA",RANGE_INTERPOLATED,street_address,OK
Census Tract 6086,"402-406 Cornish Way, Belmont, CA 94002, USA",RANGE_INTERPOLATED,street_address,OK
Census Tract 6087,"1601-1603 Notre Dame Ave, Belmont, CA 94002, USA",RANGE_INTERPOLATED,street_address,OK
Census Tract 6088,"2720 Barclay Way, Belmont, CA 94002, USA",ROOFTOP,street_address,OK
Census Tract 6089,"2612 Hallmark Dr, Belmont, CA 94002, USA",ROOFTOP,street_address,OK
Census Tract 6090,"700 Buckland Ave, Belmont, CA 94002, USA",RANGE_INTERPOLATED,street_address,OK
Census Tract 6091,"608-626 Industrial Rd, San Carlos, CA 94070, USA",RANGE_INTERPOLATED,street_address,OK
Census Tract 6092.01,"104 Aster Rd, San Carlos, CA 94070, USA",ROOFTOP,premise,OK
Census Tract 6092.02,"380 Elm St, San Carlos, CA 94070, USA",ROOFTOP,premise,OK
Census Tract 6093,"1830-1850 Cedar St, San Carlos, CA 94070, USA",RANGE_INTERPOLATED,street_address,OK
Census Tract 6094,"2071 Birch Ave, San Carlos, CA 94070, USA",ROOFTOP,premise,OK
Census Tract 6095,"35-41 Williams Ln, San Carlos, CA 94070, USA",RANGE_INTERPOLATED,street_address,OK
Census Tract 6096.01,"201-295 Hyde Park, San Carlos, CA 94070, USA",RANGE_INTERPOLATED,street_address,OK
Census Tract 6096.02,"436 Portofino Dr, San Carlos, CA 94070, USA",ROOFTOP,street_address,OK
Census Tract 6096.03,"103 Mesa Verde Way, San Carlos, CA 94070, USA",RANGE_INTERPOLATED,street_address,OK
Census Tract 6097,"602-620 Glenloch Way, Emerald Hills, CA 94062, USA",RANGE_INTERPOLATED,street_address,OK
Census Tract 6098,"735 Upland Rd, Redwood City, CA 94062, USA",ROOFTOP,street_address,OK
Census Tract 6099,"112-114 Myrtle St, Redwood City, CA 94062, USA",RANGE_INTERPOLATED,street_address,OK
Census Tract 610,"490 Jamestown Ave, San Francisco, CA 94124, USA",ROOFTOP,premise,OK
Census Tract 6100,"149-155 Fulton St, Redwood City, CA 94062, USA",RANGE_INTERPOLATED,street_address,OK
Census Tract 6101,"250 B St, Redwood City, CA 94063, USA",ROOFTOP,premise,OK
Census Tract 6102.01,"871 Willow St, Redwood City, CA 94063, USA",ROOFTOP,premise,OK
Census Tract 6102.02,"400-470 Middlefield Rd, Redwood City, CA 94063, USA",RANGE_INTERPOLATED,street_address,OK
Census Tract 6102.03,"601-699 Shasta St, Redwood City, CA 94063, USA",RANGE_INTERPOLATED,street_address,OK
Census Tract 6103.02,"876 Seaport Blvd, Redwood City, CA 94063, USA",ROOFTOP,street_address,OK
Census Tract 6103.03,"398 Mindanao Dr, Redwood City, CA 94065, USA",ROOFTOP,premise,OK
Census Tract 6103.04,"383-385 Quay Ln, Redwood City, CA 94065, USA",RANGE_INTERPOLATED,street_address,OK
Census Tract 6104,"15-99 Yarnall Pl, Redwood City, CA 94063, USA",RANGE_INTERPOLATED,street_address,OK
Census Tract 6105,"2959 Fair Oaks Ave, Redwood City, CA 94063, USA",ROOFTOP,premise,OK
Census Tract 6106.01,"2951 Glendale Ave, Redwood City, CA 94063, USA",ROOFTOP,premise,OK
Census Tract 6106.02,"563 Encina Ave, Menlo Park, CA 94025, USA",ROOFTOP,street_address,OK
Census Tract 6107,"400-408 Northumberland Ave, Redwood City, CA 94061, USA",RANGE_INTERPOLATED,street_address,OK
Census Tract 6108,"1515-1525 Hudson St, Redwood City, CA 94061, USA",RANGE_INTERPOLATED,street_address,OK
Census Tract 6109,"947A Fulton St, Redwood City, CA 94061, USA",ROOFTOP,street_address,OK
Census Tract 611,"628 Washington St, San Francisco, CA 94111, USA",ROOFTOP,premise,OK
Census Tract 6110,"1603 Silver Ave, Redwood City, CA 94061, USA",ROOFTOP,premise,OK
Census Tract 6111,"949-955 Stony Hill Rd, Redwood City, CA 94061, USA",RANGE_INTERPOLATED,street_address,OK
Census Tract 6112,"1707-1711 Maddux Dr, Redwood City, CA 94061, USA",RANGE_INTERPOLATED,street_address,OK
Census Tract 6113,"1-29 Winston Way, Redwood City, CA 94061, USA",RANGE_INTERPOLATED,street_address,OK
Census Tract 6114,"230 Atherton Ave, Atherton, CA 94027, USA",RANGE_INTERPOLATED,street_address,OK
Census Tract 6115,"131-137 Hawthorne Dr, Atherton, CA 94027, USA",RANGE_INTERPOLATED,street_address,OK
Census Tract 6116,"215 Bay Rd, Menlo Park, CA 94025, USA",ROOFTOP,street_address,OK
Census Tract 6117,"1601 Willow Rd, Menlo Park, CA 94025, USA",ROOFTOP,street_address,OK
Census Tract 6118,"2929 Fordham St, East Palo Alto, CA 94303, USA",RANGE_INTERPOLATED,street_address,OK
Census Tract 6119,"6 Shorebreeze Ct, East Palo Alto, CA 94303, USA",ROOFTOP,premise,OK
Census Tract 612,"4508 3rd St, San Francisco, CA 94124, USA",ROOFTOP,premise,OK
Census Tract 6120,"2310 Palo Verde Ave, East Palo Alto, CA 94303, USA",ROOFTOP,premise,OK
Census Tract 6121,"1927 Manhattan Ave, Palo Alto, CA 94303, USA",ROOFTOP,street_address,OK
Census Tract 6125,"W 4th St, Menlo Park, CA 94025, USA",GEOMETRIC_CENTER,route,OK
Census Tract 6126,"815 Roble Ave, Menlo Park, CA 94025, USA",ROOFTOP,street_address,OK
Census Tract 6127,"6 Cheryl Pl, Menlo Park, CA 94025, USA",ROOFTOP,street_address,OK
Census Tract 6128,"1775-1785 Holly Ave, Menlo Park, CA 94025, USA",RANGE_INTERPOLATED,street_address,OK
Census Tract 6129,"2101-2123 Ashton Ave, West Menlo Park, CA 94025, USA",RANGE_INTERPOLATED,street_address,OK
Census Tract 6130,"2536-2550 Sand Hill Rd, Menlo Park, CA 94025, USA",RANGE_INTERPOLATED,street_address,OK
Census Tract 6132,"113-115 Brookside Dr, Portola Valley, CA 94028, USA",RANGE_INTERPOLATED,street_address,OK
Census Tract 6133,"Junipero Serra Fwy, Woodside, CA 94062, USA",GEOMETRIC_CENTER,route,OK
Census Tract 6134,"99 Oakhill Dr, Woodside, CA 94062, USA",RANGE_INTERPOLATED,street_address,OK
Census Tract 6135.01,"Fifield-Cahill Ridge Trail, Half Moon Bay, CA 94019, USA",GEOMETRIC_CENTER,route,OK
Census Tract 6135.02,"Unnamed Road, Half Moon Bay, CA 94019, USA",GEOMETRIC_CENTER,route,OK
Census Tract 6136,"1157-1199 Elm St, Moss Beach, CA 94038, USA",RANGE_INTERPOLATED,street_address,OK
Census Tract 6137,"Cypress Ridge Rd, Redwood City, CA 94062, USA",GEOMETRIC_CENTER,route,OK
Census Tract 6138,"8182-9998 Pescadero Creek Rd, Loma Mar, CA 94021, USA",RANGE_INTERPOLATED,street_address,OK
Census Tract 6139,"710 Coleman Ave, Menlo Park, CA 94025, USA",ROOFTOP,premise,OK
Census Tract 614,"801-899 Arkansas St, San Francisco, CA 94107, USA",RANGE_INTERPOLATED,street_address,OK
Census Tract 6140,"3300 Moreland Dr, San Bruno, CA 94066, USA",ROOFTOP,street_address,OK
Census Tract 615,"329 Fremont St, San Francisco, CA 94105, USA",ROOFTOP,street_address,OK
Census Tract 9802,"Lands End Trail, San Francisco, CA 94121, USA",GEOMETRIC_CENTER,route,OK
Census Tract 9803,"1-99 Overlook Dr, San Francisco, CA 94122, USA",RANGE_INTERPOLATED,street_address,OK
Census Tract 9804.01,"San Francisco, CA, USA",APPROXIMATE,locality,OK
Census Tract 9805.01,"61 John F Shelley Dr, San Francisco, CA 94134, USA",ROOFTOP,street_address,OK
Census Tract 9806,"Hussey St, San Francisco, CA 94124, USA",GEOMETRIC_CENTER,route,OK
Census Tract 9809,"1 Rankin St, San Francisco, CA 94124, USA",ROOFTOP,premise,OK
Census Tract 9819,"2505 Middle Harbor Rd, Oakland, CA 94607, USA",ROOFTOP,street_address,OK
Census Tract 9820,"1579 Middle Harbor Rd, Oakland, CA 94607, USA",ROOFTOP,street_address,OK
Census Tract 9832,"101 Broadway, Oakland, CA 94607, USA",ROOFTOP,premise,OK
Census Tract 9843,"101 San Francisco International Airport Tram, San Francisco, CA 94128, USA",ROOFTOP,street_address,OK
Census Tract 9900,"China Cove Trail, Richmond, CA 94806, USA",GEOMETRIC_CENTER,route,OK
